suite,controller,episode,seed,slope_deg,friction,speed_mps,lateral_mps,yaw_rate,push_mag,fell,duration_s,distance_m,final_height_m,max_risk,mean_risk,steps
easy_flat,heuristic,0,829693,0.5646111004849317,0.9180414642130255,0.34339804958666953,0.0,0.0,0.0,1,1.18,0.6142740249633789,0.39695343375205994,0.9999880790710449,0.4933695996311441,59
easy_flat,heuristic,1,829694,1.9171282326485826,0.9394138599233803,0.37515878135668684,0.0,0.0,0.0,1,0.88,0.5950520634651184,0.40579017996788025,0.9999889135360718,0.7118073964835169,44
easy_flat,heuristic,2,829695,1.002815153448327,0.9371744901161791,0.5949144976885692,0.0,0.0,0.0,1,1.16,0.6147220134735107,0.39719974994659424,0.9999879598617554,0.5568289182126591,58
easy_flat,heuristic,3,829696,0.7392141674546763,0.9430521199605808,0.4311222229841709,0.0,0.0,0.0,1,0.9,0.6957032084465027,0.4187263548374176,0.9999873638153076,0.6710345671678494,45
easy_flat,heuristic,4,829697,2.6461653757787587,0.9417512135497474,0.5979225125032877,0.0,0.0,0.0,1,0.62,0.6149516105651855,0.41231590509414673,0.9999887943267822,0.9999184494926816,31
easy_flat,heuristic,5,829698,1.9766112929025756,0.9357008585754645,0.5218862581445649,0.0,0.0,0.0,1,0.78,0.6322655081748962,0.40662771463394165,0.9999880790710449,0.8508634499619426,39
easy_flat,heuristic,6,829699,1.8606952956505336,0.9529150991947518,0.3386841132967723,0.0,0.0,0.0,1,0.8,0.6176576018333435,0.39813825488090515,0.9999881982803345,0.8065131525198619,40
easy_flat,heuristic,7,829700,0.554183431531571,0.9564122568703286,0.332444901289632,0.0,0.0,0.0,1,0.36,-0.31348758935928345,0.4180973768234253,0.8858850598335266,0.7396733462810516,18
easy_flat,heuristic,8,829701,2.3273533733332132,0.928416754243059,0.38815240827625497,0.0,0.0,0.0,1,0.54,-0.33646002411842346,0.41063281893730164,0.9999632835388184,0.9998474506770864,27
easy_flat,heuristic,9,829702,0.5597301447769663,0.9478320479184363,0.5263883107817973,0.0,0.0,0.0,1,1.16,0.5654156804084778,0.40695682168006897,0.9999876022338867,0.5117266925174894,58
easy_flat,heuristic,10,829703,1.8994068831169397,0.9310186744362462,0.31768637865392,0.0,0.0,0.0,1,0.62,0.6829071640968323,0.4187823235988617,0.9999879598617554,0.9999501932234991,31
easy_flat,heuristic,11,829704,2.425965382431536,0.9944131668517335,0.3610556240433337,0.0,0.0,0.0,1,0.64,0.6740897297859192,0.3761218190193176,0.9999892711639404,0.9999648386781866,32
easy_flat,heuristic,12,829705,1.2245182608294836,0.9113545780056332,0.5522319673626536,0.0,0.0,0.0,1,1.06,0.5869647264480591,0.3999348282814026,0.9999891519546509,0.5659049383814204,53
easy_flat,heuristic,13,829706,2.3454325281820365,0.9813365342752833,0.3139286193884691,0.0,0.0,0.0,1,0.74,0.6121726036071777,0.4001341760158539,0.9999889135360718,0.9794146374419883,37
easy_flat,heuristic,14,829707,1.452127866274001,0.942077659965193,0.4319792604023801,0.0,0.0,0.0,1,1.1,0.6002940535545349,0.3860301971435547,0.99998939037323,0.5732255903303869,55
easy_flat,heuristic,15,829708,1.799539768452913,0.9915327910476235,0.4496499155422603,0.0,0.0,0.0,1,0.68,0.6242073178291321,0.3968943953514099,0.9999886751174927,0.9768414621551832,34
easy_flat,heuristic,16,829709,0.9700398589849294,0.9683620644666593,0.44158275844475425,0.0,0.0,0.0,1,1.1400000000000001,0.6063163876533508,0.39213818311691284,0.9999886751174927,0.5225483689024026,57
easy_flat,heuristic,17,829710,0.8666407366788567,0.9473225380796295,0.5395294291823026,0.0,0.0,0.0,1,1.22,0.5729058384895325,0.40238112211227417,0.9999876022338867,0.476029452112319,61
easy_flat,heuristic,18,829711,1.5011936476251035,0.9419117578720381,0.5349555525873487,0.0,0.0,0.0,1,1.02,0.6210067272186279,0.39890214800834656,0.9999885559082031,0.6065369264331644,51
easy_flat,heuristic,19,829712,0.9131888167488559,0.9304236925630759,0.3846850069586897,0.0,0.0,0.0,1,0.9,0.6654027700424194,0.41346079111099243,0.9999876022338867,0.6722499676215064,45
easy_flat,heuristic,20,829713,0.3700403794967638,0.9919391978028236,0.3280333765975197,0.0,0.0,0.0,1,0.34,-0.31084609031677246,0.4016265571117401,0.9998069405555725,0.9997074518884931,17
easy_flat,heuristic,21,829714,0.6147172388222583,0.9669207523970464,0.5686374282276965,0.0,0.0,0.0,1,0.34,-0.2545859217643738,0.41682690382003784,0.9981130361557007,0.9904602680887494,17
easy_flat,heuristic,22,829715,0.18313401609375923,0.9080966658361411,0.5924071876413657,0.0,0.0,0.0,1,1.28,0.6532221436500549,0.40931084752082825,0.9999877214431763,0.43672492479554087,64
easy_flat,heuristic,23,829716,1.7722517541674816,0.9146811276265786,0.5833530954691787,0.0,0.0,0.0,1,0.88,0.591629683971405,0.4148620367050171,0.9999884366989136,0.7052236109418172,44
easy_flat,heuristic,24,829717,0.25667603574217657,0.9057124158642824,0.4926744647633299,0.0,0.0,0.0,1,1.46,0.6235947608947754,0.4098932445049286,0.9999868869781494,0.40186592146150474,73
easy_flat,heuristic,25,829718,2.237543507634064,0.9475610188778149,0.4734441266803379,0.0,0.0,0.0,1,0.8,0.6517772674560547,0.3950784206390381,0.9999889135360718,0.7941474330495112,40
easy_flat,heuristic,26,829719,2.1795529548507346,0.9314595027538439,0.5503623983118815,0.0,0.0,0.0,1,0.98,0.5405331254005432,0.3999505937099457,0.9999895095825195,0.6177215545920682,49
easy_flat,heuristic,27,829720,2.3680452820655393,0.9014986626736774,0.373517419000115,0.0,0.0,0.0,1,0.7000000000000001,0.6285737156867981,0.3914893567562103,0.99998939037323,0.9548649919033051,35
easy_flat,heuristic,28,829721,2.670818985297561,0.9669138543952313,0.4210741484200099,0.0,0.0,0.0,1,0.74,0.5721858143806458,0.41903844475746155,0.9999878406524658,0.9438312056439894,37
easy_flat,heuristic,29,829722,1.2199895958871882,0.9741799819840864,0.5289881394925632,0.0,0.0,0.0,1,0.8,0.6104831099510193,0.40549570322036743,0.9999878406524658,0.765461362125158,40
easy_flat,heuristic,30,829723,1.5657598260185681,0.9521473733546211,0.31420932940559243,0.0,0.0,0.0,1,1.0,0.6560491919517517,0.39911749958992004,0.9999886751174927,0.6569241238808899,50
easy_flat,heuristic,31,829724,0.5063453727068405,0.96390320055804,0.33349243076097146,0.0,0.0,0.0,1,1.28,0.6414145231246948,0.41233029961586,0.9999853372573853,0.4703158187598833,64
easy_flat,heuristic,32,829725,2.2429815389301195,0.9222392643190571,0.3891648914686212,0.0,0.0,0.0,1,0.64,0.6437798738479614,0.3911358714103699,0.9999880790710449,0.999970178712498,32
easy_flat,heuristic,33,829726,0.14413161479104886,0.9879731952841366,0.3391956049025243,0.0,0.0,0.0,1,0.38,-0.3743267059326172,0.41559526324272156,0.9996232986450195,0.9944685763782926,19
easy_flat,heuristic,34,829727,0.532513109815654,0.9258292998152169,0.3021384305558054,0.0,0.0,0.0,1,0.36,-0.3258956968784332,0.40469345450401306,0.9997302889823914,0.999365545809269,18
easy_flat,heuristic,35,829728,1.7954971723711926,0.9979619439710099,0.5443206113292859,0.0,0.0,0.0,1,0.86,0.5725874900817871,0.39480480551719666,0.9999889135360718,0.7245218897849995,43
easy_flat,heuristic,36,829729,2.5492293602893428,0.9397182076364046,0.5331904536402019,0.0,0.0,0.0,1,0.56,0.611555814743042,0.4166289269924164,0.9999884366989136,0.9999711215496063,28
easy_flat,heuristic,37,829730,2.312734641084599,0.9171988622375302,0.5963284104020454,0.0,0.0,0.0,1,0.88,0.5775464177131653,0.39657264947891235,0.9999890327453613,0.7445812277424814,44
easy_flat,heuristic,38,829731,1.4894810264432967,0.9596414574614945,0.5927039261029581,0.0,0.0,0.0,1,1.06,0.5821494460105896,0.3949015140533447,0.9999887943267822,0.5751492628014391,53
easy_flat,heuristic,39,829732,1.3237242327972774,0.9939753546654811,0.5520825656855664,0.0,0.0,0.0,1,1.16,0.5866676568984985,0.41500523686408997,0.9999885559082031,0.511048377933245,58
easy_flat,heuristic,40,829733,2.794142159946352,0.9216113226723489,0.3053635546932939,0.0,0.0,0.0,1,0.6,-0.37280869483947754,0.40263816714286804,0.999968409538269,0.9874653548002243,30
easy_flat,heuristic,41,829734,0.7112286633176034,0.9832653364706527,0.40469124499411063,0.0,0.0,0.0,1,1.16,0.5861895680427551,0.4133930206298828,0.999984860420227,0.5546671190362152,58
easy_flat,heuristic,42,829735,2.852163974175626,0.9188398283059118,0.31109016679814755,0.0,0.0,0.0,1,0.62,0.6048396229743958,0.3962835669517517,0.9999879598617554,0.9996720126696995,31
easy_flat,heuristic,43,829736,1.7301191299448455,0.9891256572459792,0.3361054550784496,0.0,0.0,0.0,1,0.92,0.5879202485084534,0.38120236992836,0.9999872446060181,0.6770369548361891,46
easy_flat,heuristic,44,829737,1.5904977510738953,0.9397312349043725,0.503654830581768,0.0,0.0,0.0,1,0.58,0.7192806601524353,0.39555302262306213,0.9999873638153076,0.9999801171453375,29
easy_flat,heuristic,45,829738,0.09028727721557639,0.9551239685003368,0.3428137763739509,0.0,0.0,0.0,1,0.38,-0.3586074709892273,0.410663902759552,0.9996787309646606,0.9986645446883308,19
easy_flat,heuristic,46,829739,0.40433190491456805,0.9173732947881932,0.34975022681570783,0.0,0.0,0.0,1,0.38,-0.30627354979515076,0.4161469340324402,0.9991562366485596,0.9927816457218595,19
easy_flat,heuristic,47,829740,2.0343544347481917,0.9708753120294746,0.36923649809421905,0.0,0.0,0.0,1,0.48,-0.32002073526382446,0.41644352674484253,0.9999595880508423,0.9999252685478756,24
easy_flat,heuristic,48,829741,0.3829292679493126,0.9366421452839885,0.32765879972641654,0.0,0.0,0.0,1,1.36,0.6553122997283936,0.40385785698890686,0.9999866485595703,0.42946523813727,68
easy_flat,heuristic,49,829742,2.6563262255316107,0.9940173930563324,0.5105875022269718,0.0,0.0,0.0,1,0.7000000000000001,0.6372808218002319,0.3902272582054138,0.9999887943267822,0.9505356800556183,35
easy_flat,safe,0,829693,0.5646111004849317,0.9180414642130255,0.34339804958666953,0.0,0.0,0.0,1,1.22,0.6367509365081787,0.3750056028366089,0.9999877214431763,0.49093941415790765,61
easy_flat,safe,1,829694,1.9171282326485826,0.9394138599233803,0.37515878135668684,0.0,0.0,0.0,1,0.92,0.6130357980728149,0.3861594796180725,0.9999887943267822,0.7080853232309892,46
easy_flat,safe,2,829695,1.002815153448327,0.9371744901161791,0.5949144976885692,0.0,0.0,0.0,1,1.18,0.595958948135376,0.4188864827156067,0.9999866485595703,0.5356942391582398,59
easy_flat,safe,3,829696,0.7392141674546763,0.9430521199605808,0.4311222229841709,0.0,0.0,0.0,1,0.92,0.7192670702934265,0.40246325731277466,0.9999871253967285,0.6500577534898184,46
easy_flat,safe,4,829697,2.6461653757787587,0.9417512135497474,0.5979225125032877,0.0,0.0,0.0,1,0.64,0.6404290199279785,0.3830230236053467,0.9999877214431763,0.9997416436672211,32
easy_flat,safe,5,829698,1.9766112929025756,0.9357008585754645,0.5218862581445649,0.0,0.0,0.0,1,0.8,0.6183726191520691,0.4171263873577118,0.9999879598617554,0.8178364970682499,40
easy_flat,safe,6,829699,1.8606952956505336,0.9529150991947518,0.3386841132967723,0.0,0.0,0.0,1,0.8200000000000001,0.6298273205757141,0.3866175711154938,0.999988317489624,0.7966233171793001,41
easy_flat,safe,7,829700,0.554183431531571,0.9564122568703286,0.332444901289632,0.0,0.0,0.0,1,0.38,-0.3212771713733673,0.4189574718475342,0.7493069171905518,0.43254033890035415,19
easy_flat,safe,8,829701,2.3273533733332132,0.928416754243059,0.38815240827625497,0.0,0.0,0.0,1,0.54,-0.35417720675468445,0.39700180292129517,0.9999606609344482,0.999843418598175,27
easy_flat,safe,9,829702,0.5597301447769663,0.9478320479184363,0.5263883107817973,0.0,0.0,0.0,1,1.2,0.5545355081558228,0.4192188084125519,0.9999876022338867,0.5012983220208844,60
easy_flat,safe,10,829703,1.8994068831169397,0.9310186744362462,0.31768637865392,0.0,0.0,0.0,1,0.64,0.7042496204376221,0.3874848484992981,0.9999880790710449,0.9999504441564734,32
easy_flat,safe,11,829704,2.425965382431536,0.9944131668517335,0.3610556240433337,0.0,0.0,0.0,1,0.64,0.6531007885932922,0.40030694007873535,0.9999892711639404,0.9999579733068292,32
easy_flat,safe,12,829705,1.2245182608294836,0.9113545780056332,0.5522319673626536,0.0,0.0,0.0,1,1.08,0.578147828578949,0.41612812876701355,0.9999889135360718,0.5475737156738515,54
easy_flat,safe,13,829706,2.3454325281820365,0.9813365342752833,0.3139286193884691,0.0,0.0,0.0,1,0.74,0.6320967078208923,0.37993288040161133,0.9999890327453613,0.9652706892402084,37
easy_flat,safe,14,829707,1.452127866274001,0.942077659965193,0.4319792604023801,0.0,0.0,0.0,1,1.1400000000000001,0.5852340459823608,0.39848318696022034,0.9999891519546509,0.5468794703872148,57
easy_flat,safe,15,829708,1.799539768452913,0.9915327910476235,0.4496499155422603,0.0,0.0,0.0,1,0.7000000000000001,0.6326894164085388,0.3873787224292755,0.9999889135360718,0.9645152723789215,35
easy_flat,safe,16,829709,0.9700398589849294,0.9683620644666593,0.44158275844475425,0.0,0.0,0.0,1,1.18,0.6096371412277222,0.39273205399513245,0.9999885559082031,0.5092609198763967,59
easy_flat,safe,17,829710,0.8666407366788567,0.9473225380796295,0.5395294291823026,0.0,0.0,0.0,1,1.24,0.546612024307251,0.4178437888622284,0.9999874830245972,0.46286117437571545,62
easy_flat,safe,18,829711,1.5011936476251035,0.9419117578720381,0.5349555525873487,0.0,0.0,0.0,1,1.06,0.6169019341468811,0.40461820363998413,0.9999884366989136,0.5828183155561334,53
easy_flat,safe,19,829712,0.9131888167488559,0.9304236925630759,0.3846850069586897,0.0,0.0,0.0,1,0.92,0.6942137479782104,0.3838311433792114,0.9999877214431763,0.6871025120255783,46
easy_flat,safe,20,829713,0.3700403794967638,0.9919391978028236,0.3280333765975197,0.0,0.0,0.0,1,0.34,-0.30818331241607666,0.3999345004558563,0.9997977614402771,0.9996886423655919,17
easy_flat,safe,21,829714,0.6147172388222583,0.9669207523970464,0.5686374282276965,0.0,0.0,0.0,1,0.38,-0.26826199889183044,0.41055935621261597,0.9912976026535034,0.9783833225568136,19
easy_flat,safe,22,829715,0.18313401609375923,0.9080966658361411,0.5924071876413657,0.0,0.0,0.0,1,1.34,0.6540167927742004,0.40580183267593384,0.9999874830245972,0.4297712481611119,67
easy_flat,safe,23,829716,1.7722517541674816,0.9146811276265786,0.5833530954691787,0.0,0.0,0.0,1,0.92,0.6184732913970947,0.37913835048675537,0.9999885559082031,0.703871064658314,46
easy_flat,safe,24,829717,0.25667603574217657,0.9057124158642824,0.4926744647633299,0.0,0.0,0.0,1,1.56,0.6351333856582642,0.394713819026947,0.9999860525131226,0.3880156370449934,78
easy_flat,safe,25,829718,2.237543507634064,0.9475610188778149,0.4734441266803379,0.0,0.0,0.0,1,0.9,0.6279488205909729,0.39340341091156006,0.9999891519546509,0.7582730516957651,45
easy_flat,safe,26,829719,2.1795529548507346,0.9314595027538439,0.5503623983118815,0.0,0.0,0.0,1,1.02,0.5502086281776428,0.39151516556739807,0.9999896287918091,0.5917093540549281,51
easy_flat,safe,27,829720,2.3680452820655393,0.9014986626736774,0.373517419000115,0.0,0.0,0.0,1,0.72,0.6135625243186951,0.40599122643470764,0.9999892711639404,0.9320805723277422,36
easy_flat,safe,28,829721,2.670818985297561,0.9669138543952313,0.4210741484200099,0.0,0.0,0.0,1,0.76,0.5771673917770386,0.3908381462097168,0.9999887943267822,0.9210934993544859,38
easy_flat,safe,29,829722,1.2199895958871882,0.9741799819840864,0.5289881394925632,0.0,0.0,0.0,1,0.8200000000000001,0.6200924515724182,0.39494699239730835,0.9999878406524658,0.7584313998184723,41
easy_flat,safe,30,829723,1.5657598260185681,0.9521473733546211,0.31420932940559243,0.0,0.0,0.0,1,1.04,0.6564172506332397,0.40227383375167847,0.9999884366989136,0.6435522619570596,52
easy_flat,safe,31,829724,0.5063453727068405,0.96390320055804,0.33349243076097146,0.0,0.0,0.0,1,1.32,0.6303600668907166,0.3952752351760864,0.9999879598617554,0.45492643720133075,66
easy_flat,safe,32,829725,2.2429815389301195,0.9222392643190571,0.3891648914686212,0.0,0.0,0.0,1,0.64,0.6159858703613281,0.41780075430870056,0.9999878406524658,0.9999572905627164,32
easy_flat,safe,33,829726,0.14413161479104886,0.9879731952841366,0.3391956049025243,0.0,0.0,0.0,1,0.38,-0.3667503595352173,0.414623498916626,0.9994527697563171,0.9932012955347697,19
easy_flat,safe,34,829727,0.532513109815654,0.9258292998152169,0.3021384305558054,0.0,0.0,0.0,1,0.36,-0.324569433927536,0.4075869619846344,0.9997263550758362,0.999362513422966,18
easy_flat,safe,35,829728,1.7954971723711926,0.9979619439710099,0.5443206113292859,0.0,0.0,0.0,1,0.88,0.5820485353469849,0.3834584951400757,0.9999890327453613,0.7125596807123015,44
easy_flat,safe,36,829729,2.5492293602893428,0.9397182076364046,0.5331904536402019,0.0,0.0,0.0,1,0.58,0.6393283605575562,0.3894498646259308,0.9999887943267822,0.9999756813049316,29
easy_flat,safe,37,829730,2.312734641084599,0.9171988622375302,0.5963284104020454,0.0,0.0,0.0,1,0.92,0.5771099925041199,0.4002480208873749,0.9999876022338867,0.7413848349297041,46
easy_flat,safe,38,829731,1.4894810264432967,0.9596414574614945,0.5927039261029581,0.0,0.0,0.0,1,1.1,0.5799000859260559,0.39844274520874023,0.9999886751174927,0.5526517371972457,55
easy_flat,safe,39,829732,1.3237242327972774,0.9939753546654811,0.5520825656855664,0.0,0.0,0.0,1,1.22,0.5855341553688049,0.40505605936050415,0.9999881982803345,0.5076508408917517,61
easy_flat,safe,40,829733,2.794142159946352,0.9216113226723489,0.3053635546932939,0.0,0.0,0.0,1,0.58,-0.36269864439964294,0.41674596071243286,0.9999668598175049,0.9919380263278359,29
easy_flat,safe,41,829734,0.7112286633176034,0.9832653364706527,0.40469124499411063,0.0,0.0,0.0,1,1.22,0.5991550087928772,0.399341881275177,0.9999858140945435,0.5477740340577963,61
easy_flat,safe,42,829735,2.852163974175626,0.9188398283059118,0.31109016679814755,0.0,0.0,0.0,1,0.64,0.6187619566917419,0.37895527482032776,0.9999878406524658,0.9996006976474415,32
easy_flat,safe,43,829736,1.7301191299448455,0.9891256572459792,0.3361054550784496,0.0,0.0,0.0,1,0.9400000000000001,0.5514741539955139,0.41182374954223633,0.9999871253967285,0.6571381391797725,47
easy_flat,safe,44,829737,1.5904977510738953,0.9397312349043725,0.503654830581768,0.0,0.0,0.0,1,0.58,0.7172164916992188,0.39650362730026245,0.9999872446060181,0.9999792826803107,29
easy_flat,safe,45,829738,0.09028727721557639,0.9551239685003368,0.3428137763739509,0.0,0.0,0.0,1,0.38,-0.35511818528175354,0.4158955216407776,0.9996870756149292,0.9986287090513442,19
easy_flat,safe,46,829739,0.40433190491456805,0.9173732947881932,0.34975022681570783,0.0,0.0,0.0,1,0.38,-0.3128763437271118,0.41492825746536255,0.9992619156837463,0.995032098558214,19
easy_flat,safe,47,829740,2.0343544347481917,0.9708753120294746,0.36923649809421905,0.0,0.0,0.0,1,0.48,-0.33655738830566406,0.4057078957557678,0.9999562501907349,0.9999192229339054,24
easy_flat,safe,48,829741,0.3829292679493126,0.9366421452839885,0.32765879972641654,0.0,0.0,0.0,1,1.4000000000000001,0.6297246813774109,0.41229814291000366,0.9999876022338867,0.4163982355564561,70
easy_flat,safe,49,829742,2.6563262255316107,0.9940173930563324,0.5105875022269718,0.0,0.0,0.0,1,0.74,0.6126300692558289,0.40123289823532104,0.9999892711639404,0.8971183004064692,37
medium_slope,heuristic,0,903578,13.3664754375186,0.7328340304681582,0.971972312062763,0.0,0.0,28.805333766704653,1,0.8200000000000001,0.57958984375,0.38860613107681274,0.9999889135360718,0.8068290002880648,41
medium_slope,heuristic,1,903579,14.72262964443577,0.6532668999005607,0.6658507390847518,0.0,0.0,10.065202250352153,1,0.74,0.474021315574646,0.4105943739414215,0.9999868869781494,0.9239923689100478,37
medium_slope,heuristic,2,903580,7.810762062609081,0.6144425364222035,0.7508077177939365,0.0,0.0,19.39008215369516,1,0.92,0.7455547451972961,0.3808411657810211,0.9999876022338867,0.689794803037229,46
medium_slope,heuristic,3,903581,13.26992125328149,0.7286501404897296,0.8927070493185212,0.0,0.0,24.059796630507165,1,0.7000000000000001,0.6243581175804138,0.38139745593070984,0.999988317489624,0.9893271231651306,35
medium_slope,heuristic,4,903582,5.494038374955292,0.7733550410020982,0.7094271940148924,0.0,0.0,7.443376798568179,1,0.32,-0.3394789695739746,0.4137072265148163,0.9997677206993103,0.9994249443213145,16
medium_slope,heuristic,5,903583,7.89355830863817,0.7363506757518902,0.7860286362152569,0.0,0.0,12.820579491111214,1,0.86,0.7194690704345703,0.3755069971084595,0.999988317489624,0.7539531617993348,43
medium_slope,heuristic,6,903584,7.012308625635297,0.8308245924197895,0.974310146028665,0.0,0.0,24.359360955218712,1,1.16,0.674168586730957,0.4027118980884552,0.9999876022338867,0.5360386491819327,58
medium_slope,heuristic,7,903585,8.724992254186763,0.6259571424168563,0.6836123883580267,0.0,0.0,17.66240855156544,1,1.02,0.7154757976531982,0.39240702986717224,0.9999884366989136,0.6446629947750785,51
medium_slope,heuristic,8,903586,9.827230936143527,0.745366812598306,0.5127744141730299,0.0,0.0,14.179212792125671,1,1.1400000000000001,0.5312175154685974,0.38462311029434204,0.9999880790710449,0.5352131809620991,57
medium_slope,heuristic,9,903587,5.258529716033252,0.606738741637362,0.6732209487693939,0.0,0.0,29.359058062827156,1,1.26,0.6611517071723938,0.39833030104637146,0.999987006187439,0.4454579370873755,63
medium_slope,heuristic,10,903588,14.211334406630236,0.6853758641019052,0.6703509735605419,0.0,0.0,22.015011208164726,1,0.48,-0.3146498203277588,0.4115561842918396,0.9999651908874512,0.9995932962213244,24
medium_slope,heuristic,11,903589,10.07963436598132,0.7054609023542611,0.5235356611483241,0.0,0.0,16.428739014988466,1,1.04,0.6435517072677612,0.3954949975013733,0.9999896287918091,0.6161466963700756,52
medium_slope,heuristic,12,903590,7.419575847082439,0.8250964656294899,0.7113711180827654,0.0,0.0,19.826808395404775,1,1.16,0.5738791823387146,0.37552404403686523,0.9999879598617554,0.5073074276491146,58
medium_slope,heuristic,13,903591,12.176064732699091,0.6199436562202312,0.9772532733863217,0.0,0.0,15.929539609541248,1,0.88,0.6423048973083496,0.38968104124069214,0.9999881982803345,0.744324931573561,44
medium_slope,heuristic,14,903592,14.24526374167602,0.7055564879320411,0.622984450333148,0.0,0.0,11.392401267704589,1,0.54,0.6321552991867065,0.3944441080093384,0.9999874830245972,0.9999830863055061,27
medium_slope,heuristic,15,903593,7.113445998368584,0.7626478000939448,0.6083120388240815,0.0,0.0,13.950921059490607,1,1.3800000000000001,0.5453498363494873,0.4049331247806549,0.9999865293502808,0.43394500112687745,69
medium_slope,heuristic,16,903594,11.241841317235522,0.616959988298881,0.9258434239429674,0.0,0.0,25.91776819134565,1,0.92,0.532868504524231,0.41838595271110535,0.9999880790710449,0.6553328283545043,46
medium_slope,heuristic,17,903595,7.929462308677815,0.8072930184187358,0.9659574440607535,0.0,0.0,19.47123082000281,1,1.02,0.6918805837631226,0.3948265016078949,0.9999880790710449,0.5676412585952032,51
medium_slope,heuristic,18,903596,14.007488986844617,0.6928794721619934,0.82480103174699,0.0,0.0,9.520397714929338,1,0.54,-0.3866097927093506,0.40126365423202515,0.9999629259109497,0.9998962423380684,27
medium_slope,heuristic,19,903597,11.648208183825155,0.6866059032877824,0.5120780848749933,0.0,0.0,9.896637342066848,1,0.36,0.10221467167139053,0.6146978735923767,0.9995874762535095,0.7278307862579823,18
medium_slope,heuristic,20,903598,9.848962209229446,0.8349931280857206,0.844033004966027,0.0,0.0,14.671795698144157,1,1.12,0.5653444528579712,0.3851200044155121,0.9999885559082031,0.5585191664575019,56
medium_slope,heuristic,21,903599,8.086171873329826,0.6811626656864888,0.566338727969953,0.0,0.0,11.327839735214472,1,1.3,0.677137553691864,0.3916132152080536,0.999987006187439,0.5048430951566182,65
medium_slope,heuristic,22,903600,7.711908609782865,0.7937693645430066,0.8332786655039628,0.0,0.0,8.784118988052123,1,0.38,-0.3561522364616394,0.4143299162387848,0.9996931552886963,0.9390414622094896,19
medium_slope,heuristic,23,903601,12.317758537677541,0.7571069595153048,0.7087564966470496,0.0,0.0,18.660676949558166,1,0.88,0.5465415716171265,0.40187910199165344,0.9999861717224121,0.7089356404655572,44
medium_slope,heuristic,24,903602,14.986353663688064,0.8384407775721742,0.7421622018436576,0.0,0.0,15.793896692355126,1,0.84,0.5176069140434265,0.4132953882217407,0.9999881982803345,0.7685764460911741,42
medium_slope,heuristic,25,903603,5.581926783398343,0.7675790779227647,0.5766667460220906,0.0,0.0,5.80678475473243,1,0.48,-0.39155587553977966,0.41928404569625854,0.38035762310028076,0.06876897924978818,24
medium_slope,heuristic,26,903604,7.714337834145716,0.6767400640036922,0.6332647702906663,0.0,0.0,2.0057980652313487,1,1.02,0.721531093120575,0.3841545283794403,0.9999809265136719,0.646311047623252,51
medium_slope,heuristic,27,903605,13.750291487034472,0.8444609072870928,0.7909378779276216,0.0,0.0,24.69523278198457,1,0.74,-0.22888781130313873,0.41979533433914185,0.9999426603317261,0.8503182215823067,37
medium_slope,heuristic,28,903606,11.550047595592417,0.8388936126896847,0.623388659411058,0.0,0.0,1.8994244095946955,1,1.1,0.580810546875,0.39160892367362976,0.9999861717224121,0.5170008402591824,55
medium_slope,heuristic,29,903607,7.2215862016651755,0.7633749002217738,0.9551101599392722,0.0,0.0,13.67533574123544,1,1.04,0.6623070240020752,0.39493709802627563,0.9999885559082031,0.5808339703427399,52
medium_slope,heuristic,30,903608,14.633506545406968,0.7548530091878495,0.5687887601485205,0.0,0.0,20.640895351621307,1,0.74,0.582157552242279,0.4025137722492218,0.9999898672103882,0.8770157524763986,37
medium_slope,heuristic,31,903609,7.6024917676164865,0.6351863017603673,0.9764024387585583,0.0,0.0,0.22156267159804344,1,1.4000000000000001,0.626469612121582,0.39716237783432007,0.9999871253967285,0.4402935734407947,70
medium_slope,heuristic,32,903610,7.85798380814853,0.7388825655947442,0.646336602327726,0.0,0.0,10.941284301690994,1,0.36,-0.34094735980033875,0.40035149455070496,0.9997767806053162,0.9996571466326714,18
medium_slope,heuristic,33,903611,8.007170648128334,0.7708035132275284,0.5051869156201794,0.0,0.0,22.72102031604132,1,1.72,0.45790940523147583,0.41676250100135803,0.9999796152114868,0.6253152017643994,86
medium_slope,heuristic,34,903612,8.803985585994841,0.814561246670386,0.915716585242778,0.0,0.0,4.053249944540505,1,0.72,-0.2927233874797821,0.5469329953193665,0.5690815448760986,0.1107388142711268,36
medium_slope,heuristic,35,903613,14.653233819260924,0.6556736509792396,0.973097365177348,0.0,0.0,6.570761140988929,1,0.62,0.6034183502197266,0.38760462403297424,0.9999881982803345,0.9996282429922194,31
medium_slope,heuristic,36,903614,9.621746970211428,0.7550479122476453,0.9685841364132639,0.0,0.0,25.378811348992258,1,0.84,0.6582602858543396,0.3987753987312317,0.999988317489624,0.7564652063142603,42
medium_slope,heuristic,37,903615,11.121514270213506,0.771395454221444,0.5566648359034411,0.0,0.0,23.914731101504152,1,0.74,0.662635326385498,0.3793073296546936,0.9999878406524658,0.9735461981208237,37
medium_slope,heuristic,38,903616,6.3411458268713625,0.8081972556946594,0.5039440717490827,0.0,0.0,26.967616591603832,1,1.46,0.6021938323974609,0.40924346446990967,0.9999885559082031,0.38838389389448347,73
medium_slope,heuristic,39,903617,5.238412835023183,0.7723135985778395,0.945481258300675,0.0,0.0,11.029384453902294,1,1.16,0.6051495671272278,0.4133398234844208,0.9999872446060181,0.5084036833631748,58
medium_slope,heuristic,40,903618,9.351251377415993,0.6770809093798206,0.9198179389584039,0.0,0.0,20.914663050009924,1,0.86,0.7019571661949158,0.4148857593536377,0.9999858140945435,0.8842050511051308,43
medium_slope,heuristic,41,903619,7.106375702894242,0.7827368319113512,0.953018574689427,0.0,0.0,17.569169978365704,1,1.04,0.6605686545372009,0.41662901639938354,0.9999879598617554,0.5944832146815315,52
medium_slope,heuristic,42,903620,12.67362116689771,0.7785925215677914,0.8743994670645581,0.0,0.0,25.12874652501846,1,0.8200000000000001,0.5701097249984741,0.4045971930027008,0.9999884366989136,0.783584589991205,41
medium_slope,heuristic,43,903621,12.078086588326588,0.7903743243356453,0.5557538238517514,0.0,0.0,14.34386689317167,1,0.7000000000000001,0.6416828036308289,0.3813271224498749,0.9999887943267822,0.9943223357200622,35
medium_slope,heuristic,44,903622,11.90902312497028,0.7016747687883311,0.7580739426575174,0.0,0.0,18.40989636031948,1,0.9,0.6139439940452576,0.38204485177993774,0.9999901056289673,0.7248816864764583,45
medium_slope,heuristic,45,903623,8.025054041482418,0.6710446115633385,0.5332765149443311,0.0,0.0,21.35828888399337,1,1.04,0.7115506529808044,0.3863838315010071,0.9999896287918091,0.6130559776916232,52
medium_slope,heuristic,46,903624,8.198629466967333,0.7145145096372377,0.7640526772319491,0.0,0.0,10.85000654169496,1,1.16,0.5531225800514221,0.402259886264801,0.999988317489624,0.5083392639190455,58
medium_slope,heuristic,47,903625,5.443004508241223,0.6815230248053009,0.5318679895669036,0.0,0.0,22.080053165841058,1,0.32,-0.30344799160957336,0.41809186339378357,0.9997758269309998,0.9995914896329244,16
medium_slope,heuristic,48,903626,14.723170891509076,0.6365462697261997,0.7213918774059027,0.0,0.0,8.675792974174671,1,0.58,0.6294421553611755,0.39205917716026306,0.999988317489624,0.999982099784048,29
medium_slope,heuristic,49,903627,6.472083260635282,0.630546236265994,0.608744556764683,0.0,0.0,7.97432525322594,1,0.38,-0.3171842396259308,0.4186440110206604,0.9516306519508362,0.3376288016637166,19
medium_slope,safe,0,903578,13.3664754375186,0.7328340304681582,0.971972312062763,0.0,0.0,28.805333766704653,1,0.84,0.5574002861976624,0.4089520275592804,0.9999887943267822,0.7848430354008542,42
medium_slope,safe,1,903579,14.72262964443577,0.6532668999005607,0.6658507390847518,0.0,0.0,10.065202250352153,1,0.78,0.536676287651062,0.41656187176704407,0.9999904632568359,0.9219560345699047,39
medium_slope,safe,2,903580,7.810762062609081,0.6144425364222035,0.7508077177939365,0.0,0.0,19.39008215369516,1,0.9400000000000001,0.7299700975418091,0.38968709111213684,0.9999880790710449,0.6644505816889373,47
medium_slope,safe,3,903581,13.26992125328149,0.7286501404897296,0.8927070493185212,0.0,0.0,24.059796630507165,1,0.7000000000000001,0.6087659597396851,0.40247687697410583,0.9999886751174927,0.9832675981521607,35
medium_slope,safe,4,903582,5.494038374955292,0.7733550410020982,0.7094271940148924,0.0,0.0,7.443376798568179,1,0.34,-0.32954141497612,0.4124995172023773,0.9997046589851379,0.9994054351534162,17
medium_slope,safe,5,903583,7.89355830863817,0.7363506757518902,0.7860286362152569,0.0,0.0,12.820579491111214,1,0.86,0.6968922019004822,0.401173859834671,0.999988317489624,0.7433147556073505,43
medium_slope,safe,6,903584,7.012308625635297,0.8308245924197895,0.974310146028665,0.0,0.0,24.359360955218712,1,1.22,0.6774672269821167,0.40442681312561035,0.9999873638153076,0.5184526449845055,61
medium_slope,safe,7,903585,8.724992254186763,0.6259571424168563,0.6836123883580267,0.0,0.0,17.66240855156544,1,1.04,0.6920469403266907,0.4191013276576996,0.9999884366989136,0.615893414826219,52
medium_slope,safe,8,903586,9.827230936143527,0.745366812598306,0.5127744141730299,0.0,0.0,14.179212792125671,1,1.16,0.5081102252006531,0.3969411849975586,0.9999880790710449,0.5231871399467612,58
medium_slope,safe,9,903587,5.258529716033252,0.606738741637362,0.6732209487693939,0.0,0.0,29.359058062827156,1,1.32,0.6820824146270752,0.37908849120140076,0.9999872446060181,0.4510403406308602,66
medium_slope,safe,10,903588,14.211334406630236,0.6853758641019052,0.6703509735605419,0.0,0.0,22.015011208164726,1,0.48,-0.3321690857410431,0.40753698348999023,0.9999628067016602,0.9993043754781995,24
medium_slope,safe,11,903589,10.07963436598132,0.7054609023542611,0.5235356611483241,0.0,0.0,16.428739014988466,1,1.06,0.6013168692588806,0.4069313704967499,0.9999855756759644,0.5897534239115356,53
medium_slope,safe,12,903590,7.419575847082439,0.8250964656294899,0.7113711180827654,0.0,0.0,19.826808395404775,1,1.18,0.5314387083053589,0.41861552000045776,0.9999880790710449,0.49230214713115483,59
medium_slope,safe,13,903591,12.176064732699091,0.6199436562202312,0.9772532733863217,0.0,0.0,15.929539609541248,1,0.8200000000000001,0.6112303733825684,0.41705185174942017,0.9999885559082031,0.8133006031782697,41
medium_slope,safe,14,903592,14.24526374167602,0.7055564879320411,0.622984450333148,0.0,0.0,11.392401267704589,1,0.54,0.6173850893974304,0.41003575921058655,0.9999873638153076,0.9999828548992381,27
medium_slope,safe,15,903593,7.113445998368584,0.7626478000939448,0.6083120388240815,0.0,0.0,13.950921059490607,1,1.44,0.5345903038978577,0.41112029552459717,0.9999867677688599,0.42886878414353097,72
medium_slope,safe,16,903594,11.241841317235522,0.616959988298881,0.9258434239429674,0.0,0.0,25.91776819134565,1,0.9400000000000001,0.5820480585098267,0.3855644464492798,0.9999873638153076,0.6544279799028929,47
medium_slope,safe,17,903595,7.929462308677815,0.8072930184187358,0.9659574440607535,0.0,0.0,19.47123082000281,1,1.02,0.6727176308631897,0.41757920384407043,0.9999881982803345,0.5753086497752076,51
medium_slope,safe,18,903596,14.007488986844617,0.6928794721619934,0.82480103174699,0.0,0.0,9.520397714929338,1,0.52,-0.37359869480133057,0.4199651777744293,0.9999613761901855,0.9998929165303707,26
medium_slope,safe,19,903597,11.648208183825155,0.6866059032877824,0.5120780848749933,0.0,0.0,9.896637342066848,1,0.36,0.09021066129207611,0.6072748899459839,0.9991008043289185,0.7142831925302744,18
medium_slope,safe,20,903598,9.848962209229446,0.8349931280857206,0.844033004966027,0.0,0.0,14.671795698144157,1,1.1400000000000001,0.5413316488265991,0.4075919985771179,0.999988317489624,0.552465055812176,57
medium_slope,safe,21,903599,8.086171873329826,0.6811626656864888,0.566338727969953,0.0,0.0,11.327839735214472,1,1.24,0.6355478763580322,0.39639559388160706,0.9999877214431763,0.4641205249247902,62
medium_slope,safe,22,903600,7.711908609782865,0.7937693645430066,0.8332786655039628,0.0,0.0,8.784118988052123,1,0.38,-0.35469570755958557,0.4196208119392395,0.9996641874313354,0.9059987995359633,19
medium_slope,safe,23,903601,12.317758537677541,0.7571069595153048,0.7087564966470496,0.0,0.0,18.660676949558166,1,0.92,0.5544967651367188,0.39724200963974,0.9999853372573853,0.6678282822661762,46
medium_slope,safe,24,903602,14.986353663688064,0.8384407775721742,0.7421622018436576,0.0,0.0,15.793896692355126,1,0.84,0.4874553978443146,0.4159041941165924,0.9999874830245972,0.738110752798093,42
medium_slope,safe,25,903603,5.581926783398343,0.7675790779227647,0.5766667460220906,0.0,0.0,5.80678475473243,1,0.46,-0.39366424083709717,0.4158617854118347,0.5238236784934998,0.1570471742978463,23
medium_slope,safe,26,903604,7.714337834145716,0.6767400640036922,0.6332647702906663,0.0,0.0,2.0057980652313487,1,1.02,0.6547384858131409,0.3838791847229004,0.9999853372573853,0.6099714815883511,51
medium_slope,safe,27,903605,13.750291487034472,0.8444609072870928,0.7909378779276216,0.0,0.0,24.69523278198457,1,0.76,-0.2539893090724945,0.41977816820144653,0.9999654293060303,0.8819042502769402,38
medium_slope,safe,28,903606,11.550047595592417,0.8388936126896847,0.623388659411058,0.0,0.0,1.8994244095946955,1,1.08,0.5176129341125488,0.41170310974121094,0.9999836683273315,0.5251406835153912,54
medium_slope,safe,29,903607,7.2215862016651755,0.7633749002217738,0.9551101599392722,0.0,0.0,13.67533574123544,1,1.06,0.648025393486023,0.4181962013244629,0.9999885559082031,0.5638379182260101,53
medium_slope,safe,30,903608,14.633506545406968,0.7548530091878495,0.5687887601485205,0.0,0.0,20.640895351621307,1,0.76,0.5722275376319885,0.4132630228996277,0.9999897480010986,0.8490330317539961,38
medium_slope,safe,31,903609,7.6024917676164865,0.6351863017603673,0.9764024387585583,0.0,0.0,0.22156267159804344,1,1.44,0.6054937839508057,0.41476982831954956,0.999985933303833,0.4307221497447831,72
medium_slope,safe,32,903610,7.85798380814853,0.7388825655947442,0.646336602327726,0.0,0.0,10.941284301690994,1,0.36,-0.3397311866283417,0.4100228250026703,0.9997438788414001,0.9996217042207718,18
medium_slope,safe,33,903611,8.007170648128334,0.7708035132275284,0.5051869156201794,0.0,0.0,22.72102031604132,1,1.5,0.5283941030502319,0.40385860204696655,0.9999737739562988,0.4251300944122844,75
medium_slope,safe,34,903612,8.803985585994841,0.814561246670386,0.915716585242778,0.0,0.0,4.053249944540505,1,0.72,-0.247817263007164,0.5473850965499878,0.3892174959182739,0.07636833058383602,36
medium_slope,safe,35,903613,14.653233819260924,0.6556736509792396,0.973097365177348,0.0,0.0,6.570761140988929,1,0.62,0.5782090425491333,0.41565144062042236,0.9999879598617554,0.9993606890950885,31
medium_slope,safe,36,903614,9.621746970211428,0.7550479122476453,0.9685841364132639,0.0,0.0,25.378811348992258,1,0.86,0.6622790694236755,0.3940165638923645,0.999988317489624,0.749582527675419,43
medium_slope,safe,37,903615,11.121514270213506,0.771395454221444,0.5566648359034411,0.0,0.0,23.914731101504152,1,0.76,0.6482123732566833,0.39405500888824463,0.9999877214431763,0.9556295637573514,38
medium_slope,safe,38,903616,6.3411458268713625,0.8081972556946594,0.5039440717490827,0.0,0.0,26.967616591603832,1,1.5,0.6192468404769897,0.38184601068496704,0.9999887943267822,0.39134227293868135,75
medium_slope,safe,39,903617,5.238412835023183,0.7723135985778395,0.945481258300675,0.0,0.0,11.029384453902294,1,1.22,0.6047572493553162,0.41918399930000305,0.9999868869781494,0.5049389808735606,61
medium_slope,safe,40,903618,9.351251377415993,0.6770809093798206,0.9198179389584039,0.0,0.0,20.914663050009924,1,0.8200000000000001,0.6913415193557739,0.4195433259010315,0.9999873638153076,0.860909725389173,41
medium_slope,safe,41,903619,7.106375702894242,0.7827368319113512,0.953018574689427,0.0,0.0,17.569169978365704,1,1.08,0.673553466796875,0.40406161546707153,0.9999879598617554,0.5840078205649413,54
medium_slope,safe,42,903620,12.67362116689771,0.7785925215677914,0.8743994670645581,0.0,0.0,25.12874652501846,1,0.84,0.5809928774833679,0.39636486768722534,0.9999884366989136,0.7659582622077323,42
medium_slope,safe,43,903621,12.078086588326588,0.7903743243356453,0.5557538238517514,0.0,0.0,14.34386689317167,1,0.7000000000000001,0.6167521476745605,0.40874114632606506,0.9999886751174927,0.9903357577323914,35
medium_slope,safe,44,903622,11.90902312497028,0.7016747687883311,0.7580739426575174,0.0,0.0,18.40989636031948,1,0.92,0.5773984789848328,0.41567859053611755,0.9999896287918091,0.7117081683276815,46
medium_slope,safe,45,903623,8.025054041482418,0.6710446115633385,0.5332765149443311,0.0,0.0,21.35828888399337,1,1.08,0.7027168869972229,0.3966371715068817,0.9999896287918091,0.5974649753884891,54
medium_slope,safe,46,903624,8.198629466967333,0.7145145096372377,0.7640526772319491,0.0,0.0,10.85000654169496,1,1.18,0.5213755965232849,0.41757217049598694,0.9999880790710449,0.5051980680670697,59
medium_slope,safe,47,903625,5.443004508241223,0.6815230248053009,0.5318679895669036,0.0,0.0,22.080053165841058,1,0.34,-0.3157617449760437,0.40183189511299133,0.9997419714927673,0.9995370166642326,17
medium_slope,safe,48,903626,14.723170891509076,0.6365462697261997,0.7213918774059027,0.0,0.0,8.675792974174671,1,0.58,0.6165469288825989,0.40599679946899414,0.999988317489624,0.9999810519971346,29
medium_slope,safe,49,903627,6.472083260635282,0.630546236265994,0.608744556764683,0.0,0.0,7.97432525322594,1,0.4,-0.3258424401283264,0.4147549867630005,0.9943999648094177,0.4633680423721671,20
hard_slope,heuristic,0,55225,29.15686116954113,0.6082811803448024,1.0627479116141778,0.0,0.0,24.28046050289619,1,0.72,0.5745725631713867,0.4076271951198578,0.9999897480010986,0.9002921991408445,36
hard_slope,heuristic,1,55226,21.00197548359474,0.6268027006290446,1.064657196289248,0.0,0.0,55.61975120006112,1,0.42,-0.3220481276512146,0.4144914448261261,0.32048898935317993,0.123062296516516,21
hard_slope,heuristic,2,55227,25.26194574616502,0.41619434787294235,0.9479783024922295,0.0,0.0,28.816595150119618,1,0.96,0.6140912771224976,0.41844990849494934,0.9999896287918091,0.6246069294008377,48
hard_slope,heuristic,3,55228,21.688245978193354,0.481758157551444,1.2924886146618875,0.0,0.0,9.28087863358205,1,1.22,0.6147709488868713,0.4074575901031494,0.9999878406524658,0.49241003317836335,61
hard_slope,heuristic,4,55229,20.848118736200128,0.4428776039535589,1.19331586430655,0.0,0.0,61.60667539401202,1,1.32,0.5709372758865356,0.38209259510040283,0.9999871253967285,0.4438371138160489,66
hard_slope,heuristic,5,55230,24.304597468975434,0.6102474552402628,1.272392816828583,0.0,0.0,62.929571094989456,1,1.02,0.6081154942512512,0.41706177592277527,0.9999881982803345,0.5860593340454304,51
hard_slope,heuristic,6,55231,29.06597831732052,0.620306325152241,1.1580953299187415,0.0,0.0,47.832892105629284,1,0.5,-0.2466285675764084,0.40014147758483887,0.9999315738677979,0.9995180169741312,25
hard_slope,heuristic,7,55232,23.27688453958893,0.4857287972915,0.8364855716433605,0.0,0.0,61.56122852856897,1,0.34,-0.2298540323972702,0.4161607027053833,0.5786047577857971,0.49012229272297453,17
hard_slope,heuristic,8,55233,27.166103303329677,0.5192469328143922,1.323304790502113,0.0,0.0,15.956749073796859,1,1.12,0.5433160662651062,0.40729084610939026,0.9999886751174927,0.5508885484442821,56
hard_slope,heuristic,9,55234,26.417185289611922,0.5887185109548675,1.3857606028485654,0.0,0.0,10.097637092083165,1,1.0,0.5267453789710999,0.41297784447669983,0.9999878406524658,0.6038208748448597,50
hard_slope,heuristic,10,55235,28.82983219279745,0.6025913447940966,1.4180955047269181,0.0,0.0,23.217813421116187,1,0.86,0.5459017753601074,0.4032929539680481,0.9999887943267822,0.7333283293802665,43
hard_slope,heuristic,11,55236,25.881711717269987,0.46996406202098434,0.846811872715569,0.0,0.0,72.74870853613083,1,0.9400000000000001,0.5953854322433472,0.41968899965286255,0.99998939037323,0.6837642532990611,47
hard_slope,heuristic,12,55237,29.744547902361198,0.5838208553452174,1.239446698459395,0.0,0.0,26.581872490733538,1,0.8,0.5275830030441284,0.4177037179470062,0.9999898672103882,0.8454233575243658,40
hard_slope,heuristic,13,55238,22.16522086823337,0.6217805172249573,1.130492170870366,0.0,0.0,11.657979898273254,1,0.4,-0.35234805941581726,0.41718268394470215,0.9929545521736145,0.7540467113256455,20
hard_slope,heuristic,14,55239,24.5131615063083,0.4201622113830657,0.8362159358761584,0.0,0.0,53.17823810750884,1,1.1,0.5303346514701843,0.40988171100616455,0.9999881982803345,0.5572146872297808,55
hard_slope,heuristic,15,55240,25.021767139336028,0.6467493476655684,0.9910123098076628,0.0,0.0,1.1857649057320074,1,1.1400000000000001,0.6210172176361084,0.38671568036079407,0.9999886751174927,0.5347676853072815,57
hard_slope,heuristic,16,55241,22.185309863671627,0.5070931310528484,1.163438850813655,0.0,0.0,12.587148002777715,1,1.12,0.6890767812728882,0.4124792218208313,0.9999873638153076,0.5618473652356561,56
hard_slope,heuristic,17,55242,27.68620231208553,0.620990300972684,1.2323524824500391,0.0,0.0,38.264271589619895,1,1.0,0.47449061274528503,0.41669565439224243,0.999987006187439,0.6061175365908639,50
hard_slope,heuristic,18,55243,24.278108758450735,0.5436134868330343,1.254190497516228,0.0,0.0,20.544559651332285,1,1.06,0.6507283449172974,0.417583167552948,0.9999891519546509,0.6013774488596408,53
hard_slope,heuristic,19,55244,29.63181964103976,0.5449777985824547,1.36236211415732,0.0,0.0,66.14112345788936,1,0.8200000000000001,0.5082032084465027,0.4094933867454529,0.9999880790710449,0.7544502648020317,41
hard_slope,heuristic,20,55245,22.79911381734389,0.5466503806765436,1.3397333999146719,0.0,0.0,41.34740133623203,1,1.08,0.640393078327179,0.39656686782836914,0.9999887943267822,0.5653644509589371,54
hard_slope,heuristic,21,55246,23.38751278814233,0.539424874615462,1.3744848916730734,0.0,0.0,48.085094302018554,1,1.1400000000000001,0.5624502301216125,0.40754935145378113,0.9999890327453613,0.5210076769677819,57
hard_slope,heuristic,22,55247,24.43244686760382,0.5404545522353228,1.054742843851038,0.0,0.0,75.82220600635158,1,1.04,0.6017929315567017,0.41790109872817993,0.9999880790710449,0.5736199126727332,52
hard_slope,heuristic,23,55248,22.67164796887229,0.48399459452812016,0.8899009622491761,0.0,0.0,5.147284399458538,1,0.96,0.703559398651123,0.4059954583644867,0.9999885559082031,0.6530864766196158,48
hard_slope,heuristic,24,55249,26.791197175565724,0.47944762543503905,0.9948502536332341,0.0,0.0,73.77974966211653,1,0.84,0.5489134192466736,0.4072735011577606,0.999988317489624,0.7692316076763746,42
hard_slope,heuristic,25,55250,28.824826926397705,0.4411807016903117,0.9125048684941457,0.0,0.0,68.11402973846172,1,0.66,0.5947396755218506,0.4080861806869507,0.9999877214431763,0.9983392616976863,33
hard_slope,heuristic,26,55251,27.91250177711248,0.5344918928944628,1.4904173386611488,0.0,0.0,52.48102959893964,1,0.66,0.6768139600753784,0.3907938301563263,0.9999892711639404,0.9981841133988422,33
hard_slope,heuristic,27,55252,29.279783418438114,0.592401411523468,1.1416341819177904,0.0,0.0,53.71074122021005,1,0.72,0.5802345871925354,0.38420119881629944,0.9999891519546509,0.953283215371462,36
hard_slope,heuristic,28,55253,24.80607768655363,0.5524565562560735,1.1282082099649877,0.0,0.0,76.6263984945421,1,1.06,0.6109982132911682,0.3939493000507355,0.9999887943267822,0.6070295498101227,53
hard_slope,heuristic,29,55254,21.862157217125983,0.4298723133098572,0.9241119632711287,0.0,0.0,47.69357548400354,1,1.36,0.4892257750034332,0.414808064699173,0.9999877214431763,0.410619933280157,68
hard_slope,heuristic,30,55255,23.448263080942347,0.4072113575029326,0.860127696297228,0.0,0.0,31.285723845837783,1,0.96,0.6854860782623291,0.38128459453582764,0.9999887943267822,0.6710874168677133,48
hard_slope,heuristic,31,55256,23.630326086018382,0.5980606853120991,1.2292965882674962,0.0,0.0,17.208607811463672,1,0.84,0.692363440990448,0.4069215655326843,0.9999878406524658,0.7695442949675453,42
hard_slope,heuristic,32,55257,26.997446300731628,0.5428509987068202,1.26967333729017,0.0,0.0,75.48915822144419,1,0.8,0.6285688877105713,0.39205870032310486,0.9999885559082031,0.8368770782234303,40
hard_slope,heuristic,33,55258,23.188319990195343,0.5223955740883235,1.3521805181457287,0.0,0.0,58.84792193810624,1,1.1400000000000001,0.6033310890197754,0.37995147705078125,0.9999873638153076,0.539268986836605,57
hard_slope,heuristic,34,55259,29.78152080173421,0.43903607105329634,1.4691046607826377,0.0,0.0,68.15421678898642,1,0.6,0.5920107364654541,0.4179844856262207,0.9999898672103882,0.9999829113483429,30
hard_slope,heuristic,35,55260,28.54780574648577,0.4972306206229409,1.40730650162281,0.0,0.0,78.01770931263728,1,0.64,0.5871764421463013,0.40717509388923645,0.9999890327453613,0.999850565736944,32
hard_slope,heuristic,36,55261,23.31694133385534,0.6198083910660415,1.2415344450714598,0.0,0.0,34.67882095245382,1,1.08,0.6544843912124634,0.4137904942035675,0.9999880790710449,0.5377788891736682,54
hard_slope,heuristic,37,55262,22.08003790186904,0.42065936112766117,1.2231955898286857,0.0,0.0,11.909854092663696,1,1.08,0.6545856595039368,0.3904181122779846,0.9999880790710449,0.5559316187119211,54
hard_slope,heuristic,38,55263,24.491087362421396,0.5651328880981925,1.443175515144668,0.0,0.0,7.944676207793133,1,0.98,0.6358063220977783,0.41305822134017944,0.9999885559082031,0.6199803973291776,49
hard_slope,heuristic,39,55264,24.255635290850925,0.44307901918159065,1.410011686565796,0.0,0.0,16.692019743918046,1,0.28,-0.19658520817756653,0.4191376566886902,0.9997345805168152,0.9996882975101471,14
hard_slope,heuristic,40,55265,22.84196701554398,0.5978956193811775,1.0690762046396098,0.0,0.0,21.719130183716018,1,0.78,0.7000903487205505,0.40631434321403503,0.9999881982803345,0.7990666688610559,39
hard_slope,heuristic,41,55266,28.637988114585504,0.5979982226350893,1.327613258927212,0.0,0.0,63.69370977545641,1,0.64,0.6123290657997131,0.3971693813800812,0.9999891519546509,0.9999764832583341,32
hard_slope,heuristic,42,55267,27.96310755626703,0.5534920715216157,1.1021576708461869,0.0,0.0,0.7613719003495145,1,0.76,0.610072672367096,0.388970285654068,0.9999884366989136,0.8988296710179254,38
hard_slope,heuristic,43,55268,26.06980087488594,0.576608349278497,0.838549382302141,0.0,0.0,15.184945396539575,1,1.04,0.6671942472457886,0.40856653451919556,0.9999872446060181,0.7287092625850901,52
hard_slope,heuristic,44,55269,20.212050022196706,0.6483226822501731,1.2376271613553937,0.0,0.0,42.558798448863925,1,0.4,-0.42704707384109497,0.4032423794269562,0.9998111128807068,0.997767049074173,20
hard_slope,heuristic,45,55270,22.132776660095757,0.4206300886300103,1.3935911421047196,0.0,0.0,77.03610491130156,1,0.92,0.6697512865066528,0.4186559319496155,0.9999868869781494,0.6907968120358419,46
hard_slope,heuristic,46,55271,28.91316866685881,0.4782627353171519,1.0655012548985603,0.0,0.0,56.775746854686744,1,0.8,0.5702295899391174,0.41696929931640625,0.9999912977218628,0.825024203346887,40
hard_slope,heuristic,47,55272,29.069032842061688,0.4883902145456741,0.8542200086821752,0.0,0.0,56.730974945505885,1,0.62,0.6489130854606628,0.3813363015651703,0.9999874830245972,0.9999618785721915,31
hard_slope,heuristic,48,55273,25.061764016228835,0.4036321390842542,1.304229001009685,0.0,0.0,57.65828857273782,1,0.9,0.6203404664993286,0.3792059123516083,0.999988317489624,0.7219888966670364,45
hard_slope,heuristic,49,55274,20.356046151356498,0.4698866840342836,1.306368195168575,0.0,0.0,65.79079691949285,1,0.38,-0.34082069993019104,0.41900771856307983,0.9995230436325073,0.9909207887119718,19
hard_slope,safe,0,55225,29.15686116954113,0.6082811803448024,1.0627479116141778,0.0,0.0,24.28046050289619,1,0.74,0.5690125823020935,0.413792222738266,0.9999896287918091,0.8600364082527382,37
hard_slope,safe,1,55226,21.00197548359474,0.6268027006290446,1.064657196289248,0.0,0.0,55.61975120006112,1,0.42,-0.31820979714393616,0.4158334732055664,0.87321537733078,0.320389560000463,21
hard_slope,safe,2,55227,25.26194574616502,0.41619434787294235,0.9479783024922295,0.0,0.0,28.816595150119618,1,1.02,0.6066109538078308,0.41143450140953064,0.9999896287918091,0.6122764940238729,51
hard_slope,safe,3,55228,21.688245978193354,0.481758157551444,1.2924886146618875,0.0,0.0,9.28087863358205,1,1.26,0.5955798029899597,0.4157138466835022,0.9999876022338867,0.4851768992830673,63
hard_slope,safe,4,55229,20.848118736200128,0.4428776039535589,1.19331586430655,0.0,0.0,61.60667539401202,1,1.34,0.5579713582992554,0.3953680694103241,0.999987006187439,0.4332895963226819,67
hard_slope,safe,5,55230,24.304597468975434,0.6102474552402628,1.272392816828583,0.0,0.0,62.929571094989456,1,1.06,0.6329473853111267,0.39403533935546875,0.9999880790710449,0.5848492584793644,53
hard_slope,safe,6,55231,29.06597831732052,0.620306325152241,1.1580953299187415,0.0,0.0,47.832892105629284,1,0.5,-0.2652997672557831,0.4102562665939331,0.9999282360076904,0.9995539943377177,25
hard_slope,safe,7,55232,23.27688453958893,0.4857287972915,0.8364855716433605,0.0,0.0,61.56122852856897,1,0.36,-0.2324197143316269,0.41691845655441284,0.9215295314788818,0.6232481859624386,18
hard_slope,safe,8,55233,27.166103303329677,0.5192469328143922,1.323304790502113,0.0,0.0,15.956749073796859,1,0.42,-0.1476866900920868,0.4178384840488434,0.1326937973499298,0.05460613352691077,21
hard_slope,safe,9,55234,26.417185289611922,0.5887185109548675,1.3857606028485654,0.0,0.0,10.097637092083165,1,1.04,0.5405353307723999,0.4000234007835388,0.9999878406524658,0.5948077464823395,52
hard_slope,safe,10,55235,28.82983219279745,0.6025913447940966,1.4180955047269181,0.0,0.0,23.217813421116187,1,0.88,0.5515255928039551,0.394448459148407,0.9999886751174927,0.6927924216693903,44
hard_slope,safe,11,55236,25.881711717269987,0.46996406202098434,0.846811872715569,0.0,0.0,72.74870853613083,1,0.98,0.6240255236625671,0.39124923944473267,0.99998939037323,0.666568943778447,49
hard_slope,safe,12,55237,29.744547902361198,0.5838208553452174,1.239446698459395,0.0,0.0,26.581872490733538,1,0.86,0.5793011784553528,0.3903205096721649,0.9999897480010986,0.8550973344650684,43
hard_slope,safe,13,55238,22.16522086823337,0.6217805172249573,1.130492170870366,0.0,0.0,11.657979898273254,1,0.42,-0.35997164249420166,0.41586506366729736,0.9824970364570618,0.6606907627799294,21
hard_slope,safe,14,55239,24.5131615063083,0.4201622113830657,0.8362159358761584,0.0,0.0,53.17823810750884,1,1.1400000000000001,0.5441288948059082,0.39447689056396484,0.9999878406524658,0.5620555539792398,57
hard_slope,safe,15,55240,25.021767139336028,0.6467493476655684,0.9910123098076628,0.0,0.0,1.1857649057320074,1,1.16,0.606842577457428,0.3946497440338135,0.9999884366989136,0.5266691348952767,58
hard_slope,safe,16,55241,22.185309863671627,0.5070931310528484,1.163438850813655,0.0,0.0,12.587148002777715,1,1.16,0.6915806531906128,0.4144253730773926,0.9999876022338867,0.5322236978572619,58
hard_slope,safe,17,55242,27.68620231208553,0.620990300972684,1.2323524824500391,0.0,0.0,38.264271589619895,1,1.04,0.5104179382324219,0.39354750514030457,0.9999868869781494,0.602824107297541,52
hard_slope,safe,18,55243,24.278108758450735,0.5436134868330343,1.254190497516228,0.0,0.0,20.544559651332285,1,1.12,0.6786658763885498,0.39233145117759705,0.9999892711639404,0.5919676984578236,56
hard_slope,safe,19,55244,29.63181964103976,0.5449777985824547,1.36236211415732,0.0,0.0,66.14112345788936,1,0.86,0.5234719514846802,0.39206281304359436,0.9999881982803345,0.7616231973370304,43
hard_slope,safe,20,55245,22.79911381734389,0.5466503806765436,1.3397333999146719,0.0,0.0,41.34740133623203,1,1.12,0.6395612359046936,0.39725837111473083,0.9999885559082031,0.5351296060757507,56
hard_slope,safe,21,55246,23.38751278814233,0.539424874615462,1.3744848916730734,0.0,0.0,48.085094302018554,1,1.2,0.5636426210403442,0.4028325378894806,0.9999890327453613,0.5094272931484738,60
hard_slope,safe,22,55247,24.43244686760382,0.5404545522353228,1.054742843851038,0.0,0.0,75.82220600635158,1,1.08,0.6135208010673523,0.40897390246391296,0.9999880790710449,0.5538501832514323,54
hard_slope,safe,23,55248,22.67164796887229,0.48399459452812016,0.8899009622491761,0.0,0.0,5.147284399458538,1,0.98,0.7072505950927734,0.40738674998283386,0.9999884366989136,0.6303787181146058,49
hard_slope,safe,24,55249,26.791197175565724,0.47944762543503905,0.9948502536332341,0.0,0.0,73.77974966211653,1,0.86,0.5579981803894043,0.4009077847003937,0.999988317489624,0.7608980248244761,43
hard_slope,safe,25,55250,28.824826926397705,0.4411807016903117,0.9125048684941457,0.0,0.0,68.11402973846172,1,0.68,0.6258940696716309,0.41122713685035706,0.9999885559082031,0.9972833593686422,34
hard_slope,safe,26,55251,27.91250177711248,0.5344918928944628,1.4904173386611488,0.0,0.0,52.48102959893964,1,0.66,0.6516587734222412,0.41467219591140747,0.9999891519546509,0.9933045506477356,33
hard_slope,safe,27,55252,29.279783418438114,0.592401411523468,1.1416341819177904,0.0,0.0,53.71074122021005,1,0.74,0.5575835704803467,0.4054139256477356,0.9999891519546509,0.9300225222552264,37
hard_slope,safe,28,55253,24.80607768655363,0.5524565562560735,1.1282082099649877,0.0,0.0,76.6263984945421,1,1.1,0.6019835472106934,0.3998086154460907,0.999988317489624,0.6035745153213308,55
hard_slope,safe,29,55254,21.862157217125983,0.4298723133098572,0.9241119632711287,0.0,0.0,47.69357548400354,1,1.4000000000000001,0.47690850496292114,0.4143041968345642,0.9999877214431763,0.40451621994883075,70
hard_slope,safe,30,55255,23.448263080942347,0.4072113575029326,0.860127696297228,0.0,0.0,31.285723845837783,1,1.0,0.6735249757766724,0.3991834223270416,0.9999887943267822,0.650141225391053,50
hard_slope,safe,31,55256,23.630326086018382,0.5980606853120991,1.2292965882674962,0.0,0.0,17.208607811463672,1,0.86,0.694738507270813,0.40598389506340027,0.9999874830245972,0.7518819993841162,43
hard_slope,safe,32,55257,26.997446300731628,0.5428509987068202,1.26967333729017,0.0,0.0,75.48915822144419,1,0.84,0.6312337517738342,0.389098197221756,0.9999885559082031,0.815167227897291,42
hard_slope,safe,33,55258,23.188319990195343,0.5223955740883235,1.3521805181457287,0.0,0.0,58.84792193810624,1,1.16,0.5800296664237976,0.4048498272895813,0.9999872446060181,0.5245443478996398,58
hard_slope,safe,34,55259,29.78152080173421,0.43903607105329634,1.4691046607826377,0.0,0.0,68.15421678898642,1,0.62,0.6089392304420471,0.40297171473503113,0.9999899864196777,0.9999819256010509,31
hard_slope,safe,35,55260,28.54780574648577,0.4972306206229409,1.40730650162281,0.0,0.0,78.01770931263728,1,0.66,0.5962584614753723,0.3966529667377472,0.9999891519546509,0.999620398749476,33
hard_slope,safe,36,55261,23.31694133385534,0.6198083910660415,1.2415344450714598,0.0,0.0,34.67882095245382,1,1.1400000000000001,0.6616411209106445,0.40852785110473633,0.9999879598617554,0.5305972865687781,57
hard_slope,safe,37,55262,22.08003790186904,0.42065936112766117,1.2231955898286857,0.0,0.0,11.909854092663696,1,1.1,0.6317762136459351,0.41668370366096497,0.9999880790710449,0.533756147748055,55
hard_slope,safe,38,55263,24.491087362421396,0.5651328880981925,1.443175515144668,0.0,0.0,7.944676207793133,1,1.02,0.6393958330154419,0.41687795519828796,0.9999881982803345,0.6115410842577126,51
hard_slope,safe,39,55264,24.255635290850925,0.44307901918159065,1.410011686565796,0.0,0.0,16.692019743918046,1,0.32,-0.210882768034935,0.4064275622367859,0.9996932744979858,0.9995954632759094,16
hard_slope,safe,40,55265,22.84196701554398,0.5978956193811775,1.0690762046396098,0.0,0.0,21.719130183716018,1,0.8,0.7120538949966431,0.3948478102684021,0.9999881982803345,0.7885692936601117,40
hard_slope,safe,41,55266,28.637988114585504,0.5979982226350893,1.327613258927212,0.0,0.0,63.69370977545641,1,0.66,0.61993008852005,0.3867819607257843,0.9999891519546509,0.9999705578969873,33
hard_slope,safe,42,55267,27.96310755626703,0.5534920715216157,1.1021576708461869,0.0,0.0,0.7613719003495145,1,0.76,0.5597557425498962,0.4099753797054291,0.9999877214431763,0.8673035456636821,38
hard_slope,safe,43,55268,26.06980087488594,0.576608349278497,0.838549382302141,0.0,0.0,15.184945396539575,1,0.9400000000000001,0.6492486000061035,0.39455822110176086,0.9999887943267822,0.6928664998063264,47
hard_slope,safe,44,55269,20.212050022196706,0.6483226822501731,1.2376271613553937,0.0,0.0,42.558798448863925,1,0.4,-0.4235178530216217,0.40340399742126465,0.9998056292533875,0.9975364863872528,20
hard_slope,safe,45,55270,22.132776660095757,0.4206300886300103,1.3935911421047196,0.0,0.0,77.03610491130156,1,0.9400000000000001,0.6795350909233093,0.40846624970436096,0.9999868869781494,0.6701759714830857,47
hard_slope,safe,46,55271,28.91316866685881,0.4782627353171519,1.0655012548985603,0.0,0.0,56.775746854686744,1,0.84,0.5478283166885376,0.41846799850463867,0.9999903440475464,0.7912131266766664,42
hard_slope,safe,47,55272,29.069032842061688,0.4883902145456741,0.8542200086821752,0.0,0.0,56.730974945505885,1,0.62,0.6433510780334473,0.3831138014793396,0.9999879598617554,0.9999454901331947,31
hard_slope,safe,48,55273,25.061764016228835,0.4036321390842542,1.304229001009685,0.0,0.0,57.65828857273782,1,0.92,0.6200056076049805,0.3747667968273163,0.9999881982803345,0.7072862340205069,46
hard_slope,safe,49,55274,20.356046151356498,0.4698866840342836,1.306368195168575,0.0,0.0,65.79079691949285,1,0.4,-0.35305362939834595,0.4087328314781189,0.9997596144676208,0.9881702542304993,20
filbert_street,heuristic,0,925231,17.4,0.8239000682481321,0.3514856119273977,0.0,0.0,15.980314761005625,1,0.74,0.5904624462127686,0.4190569221973419,0.9999895095825195,0.9487203630032363,37
filbert_street,heuristic,1,925232,17.4,0.8554491793594143,0.39158176029132646,0.0,0.0,19.820334437803652,1,1.04,0.5713763236999512,0.40146592259407043,0.9999881982803345,0.5843002213829701,52
filbert_street,heuristic,2,925233,17.4,0.5947340442985574,0.6369168040829865,0.0,0.0,7.752260086741898,1,0.84,0.5489771962165833,0.4183851480484009,0.9999892711639404,0.7250075965919223,42
filbert_street,heuristic,3,925234,17.4,0.7665709223654094,0.3646629247130569,0.0,0.0,16.249944595751337,1,0.46,-0.36611586809158325,0.4186595380306244,0.9999698400497437,0.9999615045694205,23
filbert_street,heuristic,4,925235,17.4,0.8064566027006062,0.6105969847362644,0.0,0.0,18.57380775121473,1,1.18,0.636595606803894,0.39646023511886597,0.9999880790710449,0.4721859653115217,59
filbert_street,heuristic,5,925236,17.4,0.5958095112379472,0.4312511758947159,0.0,0.0,11.034735503846232,1,1.04,0.5907666683197021,0.38893404603004456,0.9999881982803345,0.6074636497968251,52
filbert_street,heuristic,6,925237,17.4,0.5478140239086808,0.78521872010771,0.0,0.0,8.743115098825541,1,0.56,0.5740188956260681,0.4184447228908539,0.999988317489624,0.9999512533346812,28
filbert_street,heuristic,7,925238,17.4,0.764868272916764,0.5721514097477751,0.0,0.0,5.161037682459407,1,1.24,0.5580443739891052,0.3927992284297943,0.9999891519546509,0.48601602315857934,62
filbert_street,heuristic,8,925239,17.4,0.7645475326115432,0.6807901101601918,0.0,0.0,16.45635941006362,1,1.1,0.4852994680404663,0.4652306139469147,0.999981164932251,0.4974991194683955,55
filbert_street,heuristic,9,925240,17.4,0.8030116966376861,0.6134094308034518,0.0,0.0,2.318615589816395,1,0.36,-0.27170905470848083,0.41599759459495544,0.38592997193336487,0.17978902254253626,18
filbert_street,heuristic,10,925241,17.4,0.7731140892386688,0.4889988039480786,0.0,0.0,17.21912976080432,1,1.1400000000000001,0.6121498346328735,0.40597036480903625,0.9999884366989136,0.5140174723126116,57
filbert_street,heuristic,11,925242,17.4,0.8186684178840473,0.7798219674545726,0.0,0.0,18.419336077453256,1,0.68,0.5993689298629761,0.39367276430130005,0.9999889135360718,0.9944891408085823,34
filbert_street,heuristic,12,925243,17.4,0.7636300483494881,0.6423963584286342,0.0,0.0,10.29331761444762,1,1.08,0.6704588532447815,0.40566980838775635,0.9999890327453613,0.5608275432453163,54
filbert_street,heuristic,13,925244,17.4,0.7352829158376077,0.3714265628245006,0.0,0.0,2.4547179222171556,1,0.34,-0.3573511838912964,0.41094109416007996,0.9997978806495667,0.9996874758175441,17
filbert_street,heuristic,14,925245,17.4,0.7533227302255892,0.4685289364425793,0.0,0.0,3.1118888259499133,1,1.34,0.5259954929351807,0.38636279106140137,0.999988317489624,0.4163568152201933,67
filbert_street,heuristic,15,925246,17.4,0.7564909830539022,0.7460173933600454,0.0,0.0,3.39181424007555,1,0.46,-0.3977383077144623,0.4102591574192047,0.6735562086105347,0.4068711136396115,23
filbert_street,heuristic,16,925247,17.4,0.7296369636454223,0.6990831124541808,0.0,0.0,14.922884004165262,1,1.24,0.6224085688591003,0.4034896790981293,0.999988317489624,0.4887890087270884,62
filbert_street,heuristic,17,925248,17.4,0.7446095863139696,0.416402172081805,0.0,0.0,15.291766808996506,1,0.64,0.6819267868995667,0.37761732935905457,0.9999884366989136,0.9995723800225691,32
filbert_street,heuristic,18,925249,17.4,0.8122903570286195,0.7796456507447644,0.0,0.0,2.022582916282547,1,1.26,0.6197543740272522,0.3957034945487976,0.9999866485595703,0.481406098757876,63
filbert_street,heuristic,19,925250,17.4,0.5638152051991496,0.3376038704789262,0.0,0.0,8.838781821209702,1,0.76,0.5988477468490601,0.41305702924728394,0.9999880790710449,0.9847403189965657,38
filbert_street,heuristic,20,925251,17.4,0.8480930530035475,0.5307027587801596,0.0,0.0,8.542719393533497,1,0.8200000000000001,0.6813616752624512,0.3814767301082611,0.9999872446060181,0.8252485597754018,41
filbert_street,heuristic,21,925252,17.4,0.7774984166098912,0.5527668950545601,0.0,0.0,9.872598398225962,1,0.9400000000000001,0.5105803608894348,0.41490060091018677,0.9999895095825195,0.6499984910927171,47
filbert_street,heuristic,22,925253,17.4,0.7735155216806493,0.4613763443658271,0.0,0.0,12.702985865883695,1,1.04,0.6919873356819153,0.3994157314300537,0.9999871253967285,0.6011622964263855,52
filbert_street,heuristic,23,925254,17.4,0.651528439448476,0.7293215310059487,0.0,0.0,18.8508520122881,1,1.3800000000000001,0.6238705515861511,0.40470919013023376,0.9999840259552002,0.41922149866791264,69
filbert_street,heuristic,24,925255,17.4,0.8677006997065104,0.6343209845373685,0.0,0.0,18.80121929254339,1,0.66,0.6584085822105408,0.38870441913604736,0.9999885559082031,0.9967988910882369,33
filbert_street,heuristic,25,925256,17.4,0.7397103813708169,0.6073822076200028,0.0,0.0,12.31421896045269,1,0.78,0.5878216028213501,0.38949573040008545,0.9999871253967285,0.8309472921978811,39
filbert_street,heuristic,26,925257,17.4,0.5351238699367841,0.4658280758292452,0.0,0.0,9.156372028256936,1,0.34,-0.24663306772708893,0.4142213463783264,0.9896318912506104,0.9019173128264291,17
filbert_street,heuristic,27,925258,17.4,0.7136865339980643,0.7036484321193097,0.0,0.0,11.157043975931186,1,1.18,0.5916199088096619,0.4077450633049011,0.9999877214431763,0.5024312189488024,59
filbert_street,heuristic,28,925259,17.4,0.7445009112383376,0.6572068552641037,0.0,0.0,5.1456772837532405,1,0.96,0.5776784420013428,0.40043213963508606,0.99998939037323,0.6625693523224312,48
filbert_street,heuristic,29,925260,17.4,0.7792554776510345,0.5808526324410196,0.0,0.0,6.228540738752175,1,0.7000000000000001,0.7019594311714172,0.3671390116214752,0.999988317489624,0.9479844230413437,35
filbert_street,heuristic,30,925261,17.4,0.6939254806425302,0.4125755851834132,0.0,0.0,1.9524657659919376,1,1.2,0.6623523831367493,0.3815443515777588,0.9999877214431763,0.4924577389289334,60
filbert_street,heuristic,31,925262,17.4,0.8180013277990603,0.6881761173348486,0.0,0.0,6.776701289557938,1,0.98,0.567072868347168,0.41506993770599365,0.9999892711639404,0.6225738593954399,49
filbert_street,heuristic,32,925263,17.4,0.7462611628207448,0.4492068704637135,0.0,0.0,17.593548976932848,1,1.2,0.48138561844825745,0.40173429250717163,0.9999884366989136,0.46989299153858155,60
filbert_street,heuristic,33,925264,17.4,0.7007467044558113,0.7956466193068787,0.0,0.0,17.708151424486868,1,1.24,0.48836323618888855,0.41781899333000183,0.9999886751174927,0.4577789373975415,62
filbert_street,heuristic,34,925265,17.4,0.8237743212578128,0.5669308332913111,0.0,0.0,3.976005434086718,1,1.36,0.5403977632522583,0.419555127620697,0.9999867677688599,0.433104269497374,68
filbert_street,heuristic,35,925266,17.4,0.8008515394071622,0.5189614406313185,0.0,0.0,13.871836799115645,1,1.26,0.6053471565246582,0.40911567211151123,0.9999878406524658,0.4741349027195645,63
filbert_street,heuristic,36,925267,17.4,0.8948705017107015,0.7148680541772457,0.0,0.0,1.9134371459320532,1,1.16,0.625589907169342,0.38700875639915466,0.9999889135360718,0.48661723618988617,58
filbert_street,heuristic,37,925268,17.4,0.5751671550826327,0.5730347447904796,0.0,0.0,4.727795425238373,1,0.96,0.5395479798316956,0.4160268306732178,0.9999899864196777,0.6447530808543792,48
filbert_street,heuristic,38,925269,17.4,0.8701946739138617,0.6139656813194309,0.0,0.0,4.263002801935047,1,0.78,0.4592816233634949,0.4186440706253052,0.999957799911499,0.728763789709272,39
filbert_street,heuristic,39,925270,17.4,0.870073491306451,0.5490076565764399,0.0,0.0,13.23077233362616,1,0.7000000000000001,0.6500844359397888,0.39699414372444153,0.9999885559082031,0.9710422670841217,35
filbert_street,heuristic,40,925271,17.4,0.88609027846053,0.5608493497125925,0.0,0.0,10.102658416692961,1,1.36,0.5934939384460449,0.39003512263298035,0.9999866485595703,0.44402401780123535,68
filbert_street,heuristic,41,925272,17.4,0.8615540889220845,0.7070173077413169,0.0,0.0,13.08850626993751,1,0.84,0.7357085943222046,0.40572747588157654,0.9999880790710449,0.7887851879884238,42
filbert_street,heuristic,42,925273,17.4,0.8450550942376642,0.31854203799175823,0.0,0.0,17.025975123331158,1,0.92,0.6015023589134216,0.4083845615386963,0.9999867677688599,0.7095925134797452,46
filbert_street,heuristic,43,925274,17.4,0.709250938418625,0.513083359379988,0.0,0.0,2.1104789949415714,1,0.32,-0.2911258935928345,0.3986654281616211,0.9998200535774231,0.9997426966826121,16
filbert_street,heuristic,44,925275,17.4,0.6120481503252169,0.5707759676930673,0.0,0.0,9.740266512476968,1,0.44,-0.3116950988769531,0.4186977446079254,0.6377310156822205,0.39013557011882466,22
filbert_street,heuristic,45,925276,17.4,0.693511853244406,0.5275703323365979,0.0,0.0,8.364089687029736,1,0.9400000000000001,0.5982936024665833,0.40463849902153015,0.9999884366989136,0.6669542715749845,47
filbert_street,heuristic,46,925277,17.4,0.5798966483510904,0.7781356683256646,0.0,0.0,3.1269667354717967,1,1.1,0.5262681245803833,0.4194222390651703,0.9999874830245972,0.5187540728168744,55
filbert_street,heuristic,47,925278,17.4,0.7866273630680922,0.6169257632162941,0.0,0.0,3.993707972007561,1,0.88,0.49025946855545044,0.41268566250801086,0.9999891519546509,0.6929052284086699,44
filbert_street,heuristic,48,925279,17.4,0.5763102514034899,0.5814804721641493,0.0,0.0,17.902000031006267,1,1.18,0.7713082432746887,0.38288459181785583,0.9999877214431763,0.5371193757076312,59
filbert_street,heuristic,49,925280,17.4,0.5771954545794986,0.5799332693894791,0.0,0.0,15.076614184726525,1,0.76,0.6372184157371521,0.39382219314575195,0.9999885559082031,0.8678579049904199,38
filbert_street,safe,0,925231,17.4,0.8239000682481321,0.3514856119273977,0.0,0.0,15.980314761005625,1,0.8,0.6181887984275818,0.38948386907577515,0.99998939037323,0.9108414812634389,40
filbert_street,safe,1,925232,17.4,0.8554491793594143,0.39158176029132646,0.0,0.0,19.820334437803652,1,1.08,0.5747457146644592,0.38636574149131775,0.9999879598617554,0.580043461402304,54
filbert_street,safe,2,925233,17.4,0.5947340442985574,0.6369168040829865,0.0,0.0,7.752260086741898,1,0.88,0.5607160925865173,0.40564224123954773,0.9999892711639404,0.7104623511723356,44
filbert_street,safe,3,925234,17.4,0.7665709223654094,0.3646629247130569,0.0,0.0,16.249944595751337,1,0.46,-0.37320560216903687,0.4126545488834381,0.9999691247940063,0.9999612294710599,23
filbert_street,safe,4,925235,17.4,0.8064566027006062,0.6105969847362644,0.0,0.0,18.57380775121473,1,1.22,0.6629377007484436,0.3852102756500244,0.9999874830245972,0.4666791032079131,61
filbert_street,safe,5,925236,17.4,0.5958095112379472,0.4312511758947159,0.0,0.0,11.034735503846232,1,1.06,0.5687677264213562,0.4085986316204071,0.9999879598617554,0.5861413701214736,53
filbert_street,safe,6,925237,17.4,0.5478140239086808,0.78521872010771,0.0,0.0,8.743115098825541,1,0.58,0.599325954914093,0.39389359951019287,0.9999886751174927,0.9999362638122157,29
filbert_street,safe,7,925238,17.4,0.764868272916764,0.5721514097477751,0.0,0.0,5.161037682459407,1,1.3,0.5575565099716187,0.3820461928844452,0.9999891519546509,0.47792473109895417,65
filbert_street,safe,8,925239,17.4,0.7645475326115432,0.6807901101601918,0.0,0.0,16.45635941006362,1,1.1,0.5864424109458923,0.405205100774765,0.9999845027923584,0.567199485546573,55
filbert_street,safe,9,925240,17.4,0.8030116966376861,0.6134094308034518,0.0,0.0,2.318615589816395,1,0.38,-0.2809556722640991,0.41694971919059753,0.21205638349056244,0.07002220116555691,19
filbert_street,safe,10,925241,17.4,0.7731140892386688,0.4889988039480786,0.0,0.0,17.21912976080432,1,1.18,0.6198855638504028,0.3801047205924988,0.9999881982803345,0.5095878126749642,59
filbert_street,safe,11,925242,17.4,0.8186684178840473,0.7798219674545726,0.0,0.0,18.419336077453256,1,0.7000000000000001,0.5965824127197266,0.39798033237457275,0.9999889135360718,0.9874783444404602,35
filbert_street,safe,12,925243,17.4,0.7636300483494881,0.6423963584286342,0.0,0.0,10.29331761444762,1,1.08,0.6586846709251404,0.39282873272895813,0.9999879598617554,0.5521169275762077,54
filbert_street,safe,13,925244,17.4,0.7352829158376077,0.3714265628245006,0.0,0.0,2.4547179222171556,1,0.34,-0.35564693808555603,0.4165937602519989,0.9997890591621399,0.9996804765292576,17
filbert_street,safe,14,925245,17.4,0.7533227302255892,0.4685289364425793,0.0,0.0,3.1118888259499133,1,1.36,0.49852824211120605,0.4187696576118469,0.9999881982803345,0.40347688502754014,68
filbert_street,safe,15,925246,17.4,0.7564909830539022,0.7460173933600454,0.0,0.0,3.39181424007555,1,0.46,-0.40104907751083374,0.4168979525566101,0.8379868865013123,0.3231341311564812,23
filbert_street,safe,16,925247,17.4,0.7296369636454223,0.6990831124541808,0.0,0.0,14.922884004165262,1,1.3,0.6014344692230225,0.41497883200645447,0.999988317489624,0.4878871630659639,65
filbert_street,safe,17,925248,17.4,0.7446095863139696,0.416402172081805,0.0,0.0,15.291766808996506,1,0.64,0.6585137844085693,0.404130220413208,0.9999884366989136,0.9995165115053003,32
filbert_street,safe,18,925249,17.4,0.8122903570286195,0.7796456507447644,0.0,0.0,2.022582916282547,1,1.36,0.5882469415664673,0.40445002913475037,0.999985933303833,0.45257501617630497,68
filbert_street,safe,19,925250,17.4,0.5638152051991496,0.3376038704789262,0.0,0.0,8.838781821209702,1,0.78,0.5452651977539062,0.4011569619178772,0.9999871253967285,0.9776868059717375,39
filbert_street,safe,20,925251,17.4,0.8480930530035475,0.5307027587801596,0.0,0.0,8.542719393533497,1,0.84,0.6825340390205383,0.3812642991542816,0.9999872446060181,0.7812170990437153,42
filbert_street,safe,21,925252,17.4,0.7774984166098912,0.5527668950545601,0.0,0.0,9.872598398225962,1,0.98,0.5264419317245483,0.40093836188316345,0.9999892711639404,0.6377586509214523,49
filbert_street,safe,22,925253,17.4,0.7735155216806493,0.4613763443658271,0.0,0.0,12.702985865883695,1,1.08,0.7007628679275513,0.39373981952667236,0.9999873638153076,0.5908688951927946,54
filbert_street,safe,23,925254,17.4,0.651528439448476,0.7293215310059487,0.0,0.0,18.8508520122881,1,1.36,0.6142803430557251,0.39297011494636536,0.9999839067459106,0.4093626775349925,68
filbert_street,safe,24,925255,17.4,0.8677006997065104,0.6343209845373685,0.0,0.0,18.80121929254339,1,0.66,0.6333554983139038,0.4166105389595032,0.9999884366989136,0.9890822405400483,33
filbert_street,safe,25,925256,17.4,0.7397103813708169,0.6073822076200028,0.0,0.0,12.31421896045269,1,0.8,0.586631715297699,0.39313167333602905,0.9999867677688599,0.8134226687873404,40
filbert_street,safe,26,925257,17.4,0.5351238699367841,0.4658280758292452,0.0,0.0,9.156372028256936,1,0.34,-0.24398702383041382,0.4172665476799011,0.9940944314002991,0.9107646686690194,17
filbert_street,safe,27,925258,17.4,0.7136865339980643,0.7036484321193097,0.0,0.0,11.157043975931186,1,1.24,0.5764867663383484,0.4150576889514923,0.9999873638153076,0.4915491890409822,62
filbert_street,safe,28,925259,17.4,0.7445009112383376,0.6572068552641037,0.0,0.0,5.1456772837532405,1,0.98,0.5647289752960205,0.4148150086402893,0.99998939037323,0.6461554801272331,49
filbert_street,safe,29,925260,17.4,0.7792554776510345,0.5808526324410196,0.0,0.0,6.228540738752175,1,0.7000000000000001,0.6786707639694214,0.39660194516181946,0.999988317489624,0.9194221091270447,35
filbert_street,safe,30,925261,17.4,0.6939254806425302,0.4125755851834132,0.0,0.0,1.9524657659919376,1,1.26,0.6719854474067688,0.37485453486442566,0.9999874830245972,0.4920334407988947,63
filbert_street,safe,31,925262,17.4,0.8180013277990603,0.6881761173348486,0.0,0.0,6.776701289557938,1,1.0,0.5574547052383423,0.4189692437648773,0.9999891519546509,0.595564879198173,50
filbert_street,safe,32,925263,17.4,0.7462611628207448,0.4492068704637135,0.0,0.0,17.593548976932848,1,1.24,0.49187877774238586,0.3877754807472229,0.9999886751174927,0.4623746368540826,62
filbert_street,safe,33,925264,17.4,0.7007467044558113,0.7956466193068787,0.0,0.0,17.708151424486868,1,1.28,0.4860687553882599,0.4055497944355011,0.9999884366989136,0.45047600493974943,64
filbert_street,safe,34,925265,17.4,0.8237743212578128,0.5669308332913111,0.0,0.0,3.976005434086718,1,1.4000000000000001,0.530158519744873,0.41151365637779236,0.9999861717224121,0.4207271108574787,70
filbert_street,safe,35,925266,17.4,0.8008515394071622,0.5189614406313185,0.0,0.0,13.871836799115645,1,1.3,0.6035707592964172,0.4062487781047821,0.9999879598617554,0.4653958147800123,65
filbert_street,safe,36,925267,17.4,0.8948705017107015,0.7148680541772457,0.0,0.0,1.9134371459320532,1,1.18,0.5959381461143494,0.4087277948856354,0.9999887943267822,0.4732176253493556,59
filbert_street,safe,37,925268,17.4,0.5751671550826327,0.5730347447904796,0.0,0.0,4.727795425238373,1,1.0,0.555539071559906,0.3947696387767792,0.9999898672103882,0.6349000099960904,50
filbert_street,safe,38,925269,17.4,0.8701946739138617,0.6139656813194309,0.0,0.0,4.263002801935047,1,0.96,0.6591248512268066,0.44477972388267517,0.9999891519546509,0.7504477730314982,48
filbert_street,safe,39,925270,17.4,0.870073491306451,0.5490076565764399,0.0,0.0,13.23077233362616,1,0.72,0.6498173475265503,0.3968086540699005,0.9999885559082031,0.9429124215474496,36
filbert_street,safe,40,925271,17.4,0.88609027846053,0.5608493497125925,0.0,0.0,10.102658416692961,1,1.4000000000000001,0.566238284111023,0.406303733587265,0.9999860525131226,0.4327507468837818,70
filbert_street,safe,41,925272,17.4,0.8615540889220845,0.7070173077413169,0.0,0.0,13.08850626993751,1,0.88,0.7543685436248779,0.38474759459495544,0.9999880790710449,0.767878515923418,44
filbert_street,safe,42,925273,17.4,0.8450550942376642,0.31854203799175823,0.0,0.0,17.025975123331158,1,0.96,0.6056246757507324,0.406123548746109,0.9999864101409912,0.6838600784019371,48
filbert_street,safe,43,925274,17.4,0.709250938418625,0.513083359379988,0.0,0.0,2.1104789949415714,1,0.32,-0.2873668074607849,0.4040928781032562,0.9998149275779724,0.9997199475765228,16
filbert_street,safe,44,925275,17.4,0.6120481503252169,0.5707759676930673,0.0,0.0,9.740266512476968,1,1.56,0.7078436017036438,0.41765424609184265,0.9999692440032959,0.4368063186347546,78
filbert_street,safe,45,925276,17.4,0.693511853244406,0.5275703323365979,0.0,0.0,8.364089687029736,1,0.96,0.5910505652427673,0.4138087034225464,0.9999884366989136,0.6493341990352699,48
filbert_street,safe,46,925277,17.4,0.5798966483510904,0.7781356683256646,0.0,0.0,3.1269667354717967,1,1.1400000000000001,0.5583566427230835,0.39079591631889343,0.9999876022338867,0.5208779405281561,57
filbert_street,safe,47,925278,17.4,0.7866273630680922,0.6169257632162941,0.0,0.0,3.993707972007561,1,0.92,0.5248335003852844,0.4079428017139435,0.9999878406524658,0.6760838260557244,46
filbert_street,safe,48,925279,17.4,0.5763102514034899,0.5814804721641493,0.0,0.0,17.902000031006267,1,1.22,0.7586702108383179,0.4030129015445709,0.9999876022338867,0.5263223635120798,61
filbert_street,safe,49,925280,17.4,0.5771954545794986,0.5799332693894791,0.0,0.0,15.076614184726525,1,0.78,0.6359518766403198,0.3966048061847687,0.9999884366989136,0.8441526933306234,39
bradford_street,heuristic,0,947432,22.3,0.7044559527590919,0.5430392377811386,0.0,0.0,1.4277188496676907,1,1.12,0.5707079172134399,0.39404773712158203,0.9999841451644897,0.5358042947178625,56
bradford_street,heuristic,1,947433,22.3,0.8540228955166591,0.5846311243037627,0.0,0.0,9.544935617011134,1,0.9400000000000001,0.5750203728675842,0.40615612268447876,0.9999886751174927,0.6842364462766429,47
bradford_street,heuristic,2,947434,22.3,0.7956945101559971,0.31390901996320114,0.0,0.0,0.34130441339970785,1,0.74,0.5156024098396301,0.40549707412719727,0.9999880790710449,0.9360732262333235,37
bradford_street,heuristic,3,947435,22.3,0.5166963187803851,0.5547270451765778,0.0,0.0,1.4659334332042062,1,0.92,0.6014127135276794,0.3947805166244507,0.9999889135360718,0.6872173753037916,46
bradford_street,heuristic,4,947436,22.3,0.7495882049323125,0.2659674385947303,0.0,0.0,9.128617402224144,1,0.9400000000000001,0.6365470290184021,0.3926289677619934,0.9999886751174927,0.6844203703322155,47
bradford_street,heuristic,5,947437,22.3,0.7546569955438319,0.27124987960748687,0.0,0.0,5.734517272359044,1,1.04,0.7390764355659485,0.39632707834243774,0.999988317489624,0.6375059295500943,52
bradford_street,heuristic,6,947438,22.3,0.8785454445786807,0.5493535770994824,0.0,0.0,9.01970214617171,1,1.08,0.5422152280807495,0.387344628572464,0.9999887943267822,0.5472360663453318,54
bradford_street,heuristic,7,947439,22.3,0.885386202813154,0.26093010984045123,0.0,0.0,4.766663883209876,1,0.98,0.5289603471755981,0.3959667980670929,0.9999891519546509,0.63251968280663,49
bradford_street,heuristic,8,947440,22.3,0.7436509953387016,0.2739118674593659,0.0,0.0,5.5292375215448475,1,0.32,-0.275163471698761,0.4017219543457031,0.9998711347579956,0.9998473624388377,16
bradford_street,heuristic,9,947441,22.3,0.6955454275075256,0.3023273103727347,0.0,0.0,1.1130499187923892,1,0.7000000000000001,0.6006812453269958,0.4189401865005493,0.9999877214431763,0.9506675505638122,35
bradford_street,heuristic,10,947442,22.3,0.6052301064517291,0.5153357204327371,0.0,0.0,6.468786234015611,1,0.38,-0.370368629693985,0.419050008058548,0.9997417330741882,0.9992334908909268,19
bradford_street,heuristic,11,947443,22.3,0.5227805335582586,0.3625387423654061,0.0,0.0,2.9898238589186255,1,1.1400000000000001,0.5083011984825134,0.3998357951641083,0.9999884366989136,0.5171195193512912,57
bradford_street,heuristic,12,947444,22.3,0.8721181889335085,0.20021185215282006,0.0,0.0,9.797518373263017,1,0.7000000000000001,0.7587896585464478,0.37746861577033997,0.9999878406524658,0.9828339314460754,35
bradford_street,heuristic,13,947445,22.3,0.6730383882577474,0.5556767623308556,0.0,0.0,6.782237577830821,1,1.08,0.557735025882721,0.4010166823863983,0.9999885559082031,0.5565932626640543,54
bradford_street,heuristic,14,947446,22.3,0.7194631905626687,0.4557472908858094,0.0,0.0,5.770591175373924,1,0.74,0.594680905342102,0.3992791473865509,0.9999892711639404,0.9552634672986137,37
bradford_street,heuristic,15,947447,22.3,0.6143369641198269,0.23578664235692043,0.0,0.0,6.609851229115837,1,0.62,0.6149022579193115,0.4024784564971924,0.99998939037323,0.999666018145425,31
bradford_street,heuristic,16,947448,22.3,0.643216713809981,0.5005791813425067,0.0,0.0,7.868743358094081,1,1.32,0.5503270030021667,0.3981853723526001,0.9999854564666748,0.45139553580656866,66
bradford_street,heuristic,17,947449,22.3,0.7999616968856671,0.4272705458220344,0.0,0.0,5.259866684169088,1,1.0,0.5725071430206299,0.39353638887405396,0.9999892711639404,0.6149921832105975,50
bradford_street,heuristic,18,947450,22.3,0.7949996891962403,0.5806556171665888,0.0,0.0,0.39522754549587424,1,0.8200000000000001,0.5998731851577759,0.3786099851131439,0.99998939037323,0.8183448548792982,41
bradford_street,heuristic,19,947451,22.3,0.5274951544784707,0.33487086826204865,0.0,0.0,4.65803824571543,1,0.7000000000000001,0.5863913297653198,0.39172688126564026,0.9999876022338867,0.9848671841621399,35
bradford_street,heuristic,20,947452,22.3,0.5765095812791915,0.30387410894986494,0.0,0.0,9.373120414620269,1,1.32,0.5424399375915527,0.4177125096321106,0.9999877214431763,0.4425740792778145,66
bradford_street,heuristic,21,947453,22.3,0.7530379662627273,0.22095463344189398,0.0,0.0,5.95028557018622,1,0.8,0.5962691307067871,0.38691446185112,0.9999890327453613,0.8069710736941488,40
bradford_street,heuristic,22,947454,22.3,0.6260963857343514,0.3394582505728728,0.0,0.0,7.811940529900678,1,1.34,0.7018530964851379,0.40169116854667664,0.9999819993972778,0.4183513733814675,67
bradford_street,heuristic,23,947455,22.3,0.8224969121957197,0.4510397871006281,0.0,0.0,3.7176995371797195,1,0.8,0.6605786085128784,0.41140568256378174,0.9999881982803345,0.8288935182368732,40
bradford_street,heuristic,24,947456,22.3,0.5334740605163386,0.36826084863595965,0.0,0.0,4.798179873365554,1,0.5,-0.37714889645576477,0.3918890357017517,0.9999551773071289,0.9999047875404358,25
bradford_street,heuristic,25,947457,22.3,0.5252784574625333,0.5990489695014729,0.0,0.0,0.7694182418115014,1,0.7000000000000001,0.6156958937644958,0.40212950110435486,0.9999890327453613,0.995628502368927,35
bradford_street,heuristic,26,947458,22.3,0.8707037474511732,0.4522635078283171,0.0,0.0,4.630886314082499,1,1.0,0.5855863094329834,0.41955554485321045,0.9999886751174927,0.6097973287097375,50
bradford_street,heuristic,27,947459,22.3,0.5039112474908688,0.5853521172668938,0.0,0.0,0.7780280573238818,1,1.02,0.6256524920463562,0.3822498619556427,0.9999881982803345,0.6238543594039717,51
bradford_street,heuristic,28,947460,22.3,0.5031520024807523,0.4195417079232602,0.0,0.0,1.1282789530714266,1,1.26,0.58039790391922,0.4018321633338928,0.9999891519546509,0.4730295087878712,63
bradford_street,heuristic,29,947461,22.3,0.6883003231734758,0.3805372572363679,0.0,0.0,7.512358947907235,1,1.0,0.6417044997215271,0.41570794582366943,0.9999868869781494,0.6109432475346693,50
bradford_street,heuristic,30,947462,22.3,0.5221498815835846,0.47094866229422844,0.0,0.0,2.283501745357727,1,0.66,0.6298276782035828,0.41182294487953186,0.9999878406524658,0.9994659682978755,33
bradford_street,heuristic,31,947463,22.3,0.6834142480838381,0.5086470105992991,0.0,0.0,9.993596821072977,1,1.1,0.7424905896186829,0.4024924039840698,0.9999877214431763,0.5560077224436908,55
bradford_street,heuristic,32,947464,22.3,0.7621745353041711,0.2680361587802671,0.0,0.0,3.665516284026501,1,1.1400000000000001,0.62539142370224,0.41580653190612793,0.9999897480010986,0.5355775469283702,57
bradford_street,heuristic,33,947465,22.3,0.8624123664075238,0.33745795118331307,0.0,0.0,5.551258936360146,1,1.02,0.6579636335372925,0.40320977568626404,0.9999886751174927,0.5941763456297539,51
bradford_street,heuristic,34,947466,22.3,0.8026775612970549,0.3103887855533142,0.0,0.0,8.072423297861368,1,0.32,-0.31408581137657166,0.4022730886936188,0.9998705387115479,0.9998315175374349,16
bradford_street,heuristic,35,947467,22.3,0.7481920146514269,0.5433043603710179,0.0,0.0,3.4160115846379413,1,0.36,-0.3833726644515991,0.4065772593021393,0.9997761845588684,0.9966613277792931,18
bradford_street,heuristic,36,947468,22.3,0.5252439858755429,0.34893420612401677,0.0,0.0,7.768086096340266,1,0.98,0.5620739459991455,0.38911378383636475,0.9999885559082031,0.6453517158564258,49
bradford_street,heuristic,37,947469,22.3,0.671039114238453,0.5881799223754294,0.0,0.0,0.9641632562628566,1,0.8,0.6124298572540283,0.41176557540893555,0.9999879598617554,0.8161138663941528,40
bradford_street,heuristic,38,947470,22.3,0.6073548246248253,0.3942137450151252,0.0,0.0,8.319328799075857,1,1.34,0.48586300015449524,0.40479257702827454,0.9999866485595703,0.41894804825980764,67
bradford_street,heuristic,39,947471,22.3,0.8876642016763288,0.20212609087441413,0.0,0.0,0.3398113176106099,1,0.38,-0.335207998752594,0.41209733486175537,0.9898195862770081,0.49155334134896594,19
bradford_street,heuristic,40,947472,22.3,0.8976399708549125,0.3414057606150777,0.0,0.0,3.1631187974835773,1,1.26,0.7076912522315979,0.39216873049736023,0.9999872446060181,0.4862200256238279,63
bradford_street,heuristic,41,947473,22.3,0.783714944652417,0.3371856616720881,0.0,0.0,7.001204765727929,1,0.4,-0.3861345946788788,0.40961503982543945,0.9940475225448608,0.7175093442201614,20
bradford_street,heuristic,42,947474,22.3,0.7359627285009482,0.2654123046798133,0.0,0.0,5.2861676144985275,1,0.72,0.5670372247695923,0.4127982258796692,0.99998939037323,0.9444265938722171,36
bradford_street,heuristic,43,947475,22.3,0.7648163398364743,0.36258188788612106,0.0,0.0,5.976046203427727,1,0.62,-0.35191527009010315,0.4021187722682953,0.9999440908432007,0.9911200631232489,31
bradford_street,heuristic,44,947476,22.3,0.8627481148683558,0.40790358039101243,0.0,0.0,0.5661839829480886,1,1.16,0.5241442918777466,0.39798635244369507,0.9999885559082031,0.6014599579696854,58
bradford_street,heuristic,45,947477,22.3,0.7814903477680066,0.31842217975366893,0.0,0.0,0.3248484345047564,1,1.28,0.5999396443367004,0.4077949523925781,0.9999868869781494,0.4592174042468455,64
bradford_street,heuristic,46,947478,22.3,0.7440417643005597,0.31997451717542946,0.0,0.0,0.20472222987596989,1,0.84,0.5974897742271423,0.3903903067111969,0.9999890327453613,0.7836991576017454,42
bradford_street,heuristic,47,947479,22.3,0.8402665699093798,0.28965373817034096,0.0,0.0,3.9590640655680156,1,0.34,-0.21781139075756073,0.416780024766922,0.9261648058891296,0.8732470784868512,17
bradford_street,heuristic,48,947480,22.3,0.5706980848987959,0.4059227821011015,0.0,0.0,8.863817544595257,1,0.86,0.6251358985900879,0.38588041067123413,0.9999876022338867,0.8089707586208753,43
bradford_street,heuristic,49,947481,22.3,0.8386352746812427,0.3504474060080342,0.0,0.0,1.788996448280471,1,0.9400000000000001,0.6226614117622375,0.41370248794555664,0.9999861717224121,0.6830877624955531,47
bradford_street,safe,0,947432,22.3,0.7044559527590919,0.5430392377811386,0.0,0.0,1.4277188496676907,1,1.16,0.4779020845890045,0.41025757789611816,0.9999809265136719,0.47376241693079163,58
bradford_street,safe,1,947433,22.3,0.8540228955166591,0.5846311243037627,0.0,0.0,9.544935617011134,1,0.96,0.5620242357254028,0.41397348046302795,0.9999884366989136,0.6601371379782857,48
bradford_street,safe,2,947434,22.3,0.7956945101559971,0.31390901996320114,0.0,0.0,0.34130441339970785,1,0.34,0.08647651225328445,0.5411396026611328,0.9997854828834534,0.7208369762769767,17
bradford_street,safe,3,947435,22.3,0.5166963187803851,0.5547270451765778,0.0,0.0,1.4659334332042062,1,0.96,0.6094438433647156,0.38795721530914307,0.9999890327453613,0.6838117128663725,48
bradford_street,safe,4,947436,22.3,0.7495882049323125,0.2659674385947303,0.0,0.0,9.128617402224144,1,0.96,0.6300474405288696,0.40252870321273804,0.9999886751174927,0.6694630202968447,48
bradford_street,safe,5,947437,22.3,0.7546569955438319,0.27124987960748687,0.0,0.0,5.734517272359044,1,1.06,0.7269286513328552,0.4085552990436554,0.9999884366989136,0.611318790178831,53
bradford_street,safe,6,947438,22.3,0.8785454445786807,0.5493535770994824,0.0,0.0,9.01970214617171,1,1.1,0.5410196781158447,0.39155539870262146,0.9999884366989136,0.5331261241149655,55
bradford_street,safe,7,947439,22.3,0.885386202813154,0.26093010984045123,0.0,0.0,4.766663883209876,1,1.02,0.5488741993904114,0.37367409467697144,0.9999892711639404,0.6180788442072254,51
bradford_street,safe,8,947440,22.3,0.7436509953387016,0.2739118674593659,0.0,0.0,5.5292375215448475,1,0.32,-0.26772159337997437,0.4049626886844635,0.9998592138290405,0.9998370707035065,16
bradford_street,safe,9,947441,22.3,0.6955454275075256,0.3023273103727347,0.0,0.0,1.1130499187923892,1,0.72,0.6079953908920288,0.41399678587913513,0.9999877214431763,0.9293553880774058,36
bradford_street,safe,10,947442,22.3,0.6052301064517291,0.5153357204327371,0.0,0.0,6.468786234015611,1,0.4,-0.37942633032798767,0.40634870529174805,0.9997392296791077,0.999242752790451,20
bradford_street,safe,11,947443,22.3,0.5227805335582586,0.3625387423654061,0.0,0.0,2.9898238589186255,1,1.18,0.5110945701599121,0.3893515169620514,0.9999884366989136,0.5295796345533893,59
bradford_street,safe,12,947444,22.3,0.8721181889335085,0.20021185215282006,0.0,0.0,9.797518373263017,1,0.7000000000000001,0.7356339693069458,0.40275704860687256,0.9999879598617554,0.9743626070022583,35
bradford_street,safe,13,947445,22.3,0.6730383882577474,0.5556767623308556,0.0,0.0,6.782237577830821,1,1.12,0.5490410327911377,0.40825361013412476,0.9999885559082031,0.5420339204319253,56
bradford_street,safe,14,947446,22.3,0.7194631905626687,0.4557472908858094,0.0,0.0,5.770591175373924,1,0.76,0.5912224650382996,0.40323778986930847,0.9999891519546509,0.9251170188986829,38
bradford_street,safe,15,947447,22.3,0.6143369641198269,0.23578664235692043,0.0,0.0,6.609851229115837,1,0.64,0.6281160116195679,0.39417997002601624,0.9999897480010986,0.9993107643994418,32
bradford_street,safe,16,947448,22.3,0.643216713809981,0.5005791813425067,0.0,0.0,7.868743358094081,1,1.36,0.5332785844802856,0.40231314301490784,0.9999843835830688,0.43883521616709037,68
bradford_street,safe,17,947449,22.3,0.7999616968856671,0.4272705458220344,0.0,0.0,5.259866684169088,1,1.04,0.5570587515830994,0.388837605714798,0.9999887943267822,0.5891788800165072,52
bradford_street,safe,18,947450,22.3,0.7949996891962403,0.5806556171665888,0.0,0.0,0.39522754549587424,1,0.84,0.576202929019928,0.39576444029808044,0.99998939037323,0.7769323211518895,42
bradford_street,safe,19,947451,22.3,0.5274951544784707,0.33487086826204865,0.0,0.0,4.65803824571543,1,0.72,0.5727814435958862,0.4075120687484741,0.9999871253967285,0.980622839469176,36
bradford_street,safe,20,947452,22.3,0.5765095812791915,0.30387410894986494,0.0,0.0,9.373120414620269,1,1.3800000000000001,0.5619988441467285,0.3913743197917938,0.9999874830245972,0.43708941191529815,69
bradford_street,safe,21,947453,22.3,0.7530379662627273,0.22095463344189398,0.0,0.0,5.95028557018622,1,0.8,0.569795548915863,0.41447189450263977,0.9999889135360718,0.7907531860696811,40
bradford_street,safe,22,947454,22.3,0.6260963857343514,0.3394582505728728,0.0,0.0,7.811940529900678,1,1.4000000000000001,0.6957903504371643,0.3990172743797302,0.9999878406524658,0.3786585986067318,70
bradford_street,safe,23,947455,22.3,0.8224969121957197,0.4510397871006281,0.0,0.0,3.7176995371797195,1,0.8200000000000001,0.6597158908843994,0.4126315712928772,0.9999879598617554,0.8149952370557941,41
bradford_street,safe,24,947456,22.3,0.5334740605163386,0.36826084863595965,0.0,0.0,4.798179873365554,1,0.48,-0.3623773455619812,0.40681540966033936,0.9999536275863647,0.9999025932380131,24
bradford_street,safe,25,947457,22.3,0.5252784574625333,0.5990489695014729,0.0,0.0,0.7694182418115014,1,0.72,0.6173317432403564,0.4001061022281647,0.9999890327453613,0.9865086537141067,36
bradford_street,safe,26,947458,22.3,0.8707037474511732,0.4522635078283171,0.0,0.0,4.630886314082499,1,1.04,0.6041033267974854,0.40262526273727417,0.9999886751174927,0.6035172602564888,52
bradford_street,safe,27,947459,22.3,0.5039112474908688,0.5853521172668938,0.0,0.0,0.7780280573238818,1,1.04,0.60882169008255,0.41966480016708374,0.999984622001648,0.5885513436358105,52
bradford_street,safe,28,947460,22.3,0.5031520024807523,0.4195417079232602,0.0,0.0,1.1282789530714266,1,1.32,0.5913277864456177,0.3793412744998932,0.9999892711639404,0.4752718636399485,66
bradford_street,safe,29,947461,22.3,0.6883003231734758,0.3805372572363679,0.0,0.0,7.512358947907235,1,1.04,0.6692177653312683,0.3841370642185211,0.9999867677688599,0.6165078663207602,52
bradford_street,safe,30,947462,22.3,0.5221498815835846,0.47094866229422844,0.0,0.0,2.283501745357727,1,0.66,0.6222344636917114,0.41268593072891235,0.9999884366989136,0.997977842455325,33
bradford_street,safe,31,947463,22.3,0.6834142480838381,0.5086470105992991,0.0,0.0,9.993596821072977,1,1.12,0.7646989822387695,0.3840315043926239,0.9999876022338867,0.5731550484971867,56
bradford_street,safe,32,947464,22.3,0.7621745353041711,0.2680361587802671,0.0,0.0,3.665516284026501,1,1.2,0.6367658376693726,0.4084254503250122,0.9999896287918091,0.5144254545906005,60
bradford_street,safe,33,947465,22.3,0.8624123664075238,0.33745795118331307,0.0,0.0,5.551258936360146,1,1.06,0.660368800163269,0.3995535671710968,0.9999886751174927,0.5867329926457091,53
bradford_street,safe,34,947466,22.3,0.8026775612970549,0.3103887855533142,0.0,0.0,8.072423297861368,1,0.32,-0.3043530583381653,0.41810867190361023,0.9998660087585449,0.9998116989930471,16
bradford_street,safe,35,947467,22.3,0.7481920146514269,0.5433043603710179,0.0,0.0,3.4160115846379413,1,0.36,-0.37230315804481506,0.4084926247596741,0.9997602105140686,0.9967755526304245,18
bradford_street,safe,36,947468,22.3,0.5252439858755429,0.34893420612401677,0.0,0.0,7.768086096340266,1,1.0,0.527835488319397,0.4113486707210541,0.9999884366989136,0.633549815677361,50
bradford_street,safe,37,947469,22.3,0.671039114238453,0.5881799223754294,0.0,0.0,0.9641632562628566,1,0.8200000000000001,0.618441104888916,0.40610718727111816,0.9999880790710449,0.7908106714171628,41
bradford_street,safe,38,947470,22.3,0.6073548246248253,0.3942137450151252,0.0,0.0,8.319328799075857,1,0.48,-0.37631893157958984,0.4184383451938629,0.17589931190013885,0.06903372585241284,24
bradford_street,safe,39,947471,22.3,0.8876642016763288,0.20212609087441413,0.0,0.0,0.3398113176106099,1,0.38,-0.33312374353408813,0.4141828715801239,0.9978097081184387,0.6641527480549283,19
bradford_street,safe,40,947472,22.3,0.8976399708549125,0.3414057606150777,0.0,0.0,3.1631187974835773,1,1.3,0.7136943340301514,0.3909758925437927,0.9999868869781494,0.4797446977175158,65
bradford_street,safe,41,947473,22.3,0.783714944652417,0.3371856616720881,0.0,0.0,7.001204765727929,1,0.4,-0.3793807923793793,0.4116419553756714,0.9941027760505676,0.7180754005908966,20
bradford_street,safe,42,947474,22.3,0.7359627285009482,0.2654123046798133,0.0,0.0,5.2861676144985275,1,0.52,0.3042541444301605,0.5309805274009705,0.9999849796295166,0.8941428055986762,26
bradford_street,safe,43,947475,22.3,0.7648163398364743,0.36258188788612106,0.0,0.0,5.976046203427727,1,0.6,-0.3557579517364502,0.4043195843696594,0.9999421834945679,0.9918177247047424,30
bradford_street,safe,44,947476,22.3,0.8627481148683558,0.40790358039101243,0.0,0.0,0.5661839829480886,1,1.08,0.5047173500061035,0.4188053011894226,0.9999884366989136,0.5150975346504393,54
bradford_street,safe,45,947477,22.3,0.7814903477680066,0.31842217975366893,0.0,0.0,0.3248484345047564,1,1.34,0.589587926864624,0.41880011558532715,0.9999867677688599,0.45771115590666833,67
bradford_street,safe,46,947478,22.3,0.7440417643005597,0.31997451717542946,0.0,0.0,0.20472222987596989,1,0.86,0.5945684313774109,0.39252200722694397,0.9999887943267822,0.7640225167036105,43
bradford_street,safe,47,947479,22.3,0.8402665699093798,0.28965373817034096,0.0,0.0,3.9590640655680156,1,0.36,-0.21822582185268402,0.4174342751502991,0.9389142990112305,0.8846548721194267,18
bradford_street,safe,48,947480,22.3,0.5706980848987959,0.4059227821011015,0.0,0.0,8.863817544595257,1,0.8,0.5470154285430908,0.39538508653640747,0.9999840259552002,0.8116700118252387,40
bradford_street,safe,49,947481,22.3,0.8386352746812427,0.3504474060080342,0.0,0.0,1.788996448280471,1,1.02,0.6065268516540527,0.4144679605960846,0.9999861717224121,0.6359259007475907,51
